"Aruba"	"ABW"	"Foreign direct investment net (BoP current US$)"	"BN.KLT.DINV.CD"	""	""	""	""	""	""	""	""	""	""	""	""	""	""	""	""	""	""	""	""	""	""	""	""	""	""	""	""	""	""	""	""	""	""	""	""	""	""	""	""	""	""	""	""	""	"198934471.1"	"-233138804.5"	"510558659.2"	"-16089385.47"	"12122905.03"	"-184022346.4"	"-485027933"	"328826815.6"	"-163631284.9"	""
"Andorra"	"AND"	"Foreign direct investment net (BoP current US$)"	"BN.KLT.DINV.CD"	""	""	""	""	""	""	""	""	""	""	""	""	""	""	""	""	""	""	""	""	""	""	""	""	""	""	""	""	""	""	""	""	""	""	""	""	""	""	""	""	""	""	""	""	""	""	""	""	""	""	""	""	""	""	""
"Afghanistan"	"AFG"	"Foreign direct investment net (BoP current US$)"	"BN.KLT.DINV.CD"	""	""	""	""	""	""	""	""	""	""	""	""	""	""	""	""	""	""	""	""	""	""	""	""	""	""	""	""	""	""	""	""	""	""	""	""	""	""	""	""	""	""	""	""	""	""	""	""	"-87276201"	"-213670260"	"-75649209"	"-91227567"	"-94013759"	"-59602266"	""
"Angola"	"AGO"	"Foreign direct investment net (BoP current US$)"	"BN.KLT.DINV.CD"	""	""	""	""	""	""	""	""	""	""	""	""	""	""	""	""	""	""	""	""	""	""	""	""	""	""	""	""	""	""	""	""	""	""	""	""	""	""	""	""	""	""	""	""	""	"1523198987"	"228299945.9"	"1805123607"	"890672963.9"	"-2198545055"	"4567640566"	"5116413414"	"9638709259"	"13164177546"	""
"Albania"	"ALB"	"Foreign direct investment net (BoP current US$)"	"BN.KLT.DINV.CD"	""	""	""	""	""	""	""	""	""	""	""	""	""	""	""	""	""	""	""	""	""	""	""	""	""	""	""	""	""	""	""	""	""	""	""	""	""	""	""	""	""	""	""	""	""	"-258417488.7"	"-314638316.8"	"-647365283.8"	"-874269998.9"	"-951522038.6"	"-1043377670"	"-847551617.6"	"-835678925.8"	"-1225632063"	""
"Arab World"	"ARB"	"Foreign direct investment net (BoP current US$)"	"BN.KLT.DINV.CD"	""	""	""	""	""	""	""	""	""	""	""	""	""	""	""	""	""	""	""	""	""	""	""	""	""	""	""	""	""	""	""	""	""	""	""	""	""	""	""	""	""	""	""	""	""	""	""	""	""	""	""	""	""	""	""
"United Arab Emirates"	"ARE"	"Foreign direct investment net (BoP current US$)"	"BN.KLT.DINV.CD"	""	""	""	""	""	""	""	""	""	""	""	""	""	""	""	""	""	""	""	""	""	""	""	""	""	""	""	""	""	""	""	""	""	""	""	""	""	""	""	""	""	""	""	""	""	""	""	""	""	""	""	""	""	""	""
"Argentina"	"ARG"	"Foreign direct investment net (BoP current US$)"	"BN.KLT.DINV.CD"	""	""	""	""	""	""	""	""	""	""	""	""	""	""	""	""	""	""	""	""	""	""	""	""	""	""	""	""	""	""	""	""	""	""	""	""	""	""	""	""	""	""	""	""	""	"-3954190000"	"-3098630000"	"-4968920000"	"-8334630000"	"-3305612521"	"-6880957946"	"-9231930945"	"-13889205326"	"-10256174423"	""
"Armenia"	"ARM"	"Foreign direct investment net (BoP current US$)"	"BN.KLT.DINV.CD"	""	""	""	""	""	""	""	""	""	""	""	""	""	""	""	""	""	""	""	""	""	""	""	""	""	""	""	""	""	""	""	""	""	""	""	""	""	""	""	""	""	""	""	""	""	"-287177717.9"	"-444595432.3"	"-653884497"	"-925045079.7"	"-709641619.6"	"-521376646.9"	"-437333958.8"	"-472973958.3"	"-351543562.8"	""
"American Samoa"	"ASM"	"Foreign direct investment net (BoP current US$)"	"BN.KLT.DINV.CD"	""	""	""	""	""	""	""	""	""	""	""	""	""	""	""	""	""	""	""	""	""	""	""	""	""	""	""	""	""	""	""	""	""	""	""	""	""	""	""	""	""	""	""	""	""	""	""	""	""	""	""	""	""	""	""
"Antigua and Barbuda"	"ATG"	"Foreign direct investment net (BoP current US$)"	"BN.KLT.DINV.CD"	""	""	""	""	""	""	""	""	""	""	""	""	""	""	""	""	""	""	""	""	""	""	""	""	""	""	""	""	""	""	""	""	""	""	""	""	""	""	""	""	""	""	""	""	""	"-220963374.1"	"-358820163.7"	"-338204733.3"	"-158783774.4"	"-80646652.59"	"-96679207.78"	"-65160596.3"	"-129367138.9"	"-134288999.6"	""
"Australia"	"AUS"	"Foreign direct investment net (BoP current US$)"	"BN.KLT.DINV.CD"	""	""	""	""	""	""	""	""	""	""	""	""	""	""	""	""	""	""	""	""	""	""	""	""	""	""	""	""	""	""	""	""	""	""	""	""	""	""	""	""	""	""	""	""	""	"-7620252751"	"-6470053661"	"-30020094089"	"-13272117217"	"-17218512630"	"-17142068311"	"-55460750262"	"-50313407488"	"-56207540092"	""
"Austria"	"AUT"	"Foreign direct investment net (BoP current US$)"	"BN.KLT.DINV.CD"	""	""	""	""	""	""	""	""	""	""	""	""	""	""	""	""	""	""	""	""	""	""	""	""	""	""	""	""	""	""	""	""	""	""	""	""	""	""	""	""	""	""	""	""	""	"193822310.2"	"4542481583"	"7610185344"	"22934098025"	"385247229.6"	"9970598353"	"14324144656"	"16231361571"	"2584770894"	""
"Azerbaijan"	"AZE"	"Foreign direct investment net (BoP current US$)"	"BN.KLT.DINV.CD"	""	""	""	""	""	""	""	""	""	""	""	""	""	""	""	""	""	""	""	""	""	""	""	""	""	""	""	""	""	""	""	""	""	""	""	""	""	""	""	""	""	""	""	""	""	"-459151000"	"1289475000"	"5034521000"	"540824000"	"-147181000"	"-331155000"	"-932582000"	"-812407000"	"-1141550000"	""
"Burundi"	"BDI"	"Foreign direct investment net (BoP current US$)"	"BN.KLT.DINV.CD"	""	""	""	""	""	""	""	""	""	""	""	""	""	""	""	""	""	""	""	""	""	""	""	""	""	""	""	""	""	""	""	""	""	""	""	""	""	""	""	""	""	""	""	""	""	"-584701.6926"	"-31593.77819"	"-465213.1473"	"-3251690.822"	"-348404.5346"	"-780582.0036"	"-3354999.181"	"-604919.6515"	"-6718064.165"	""
"Belgium"	"BEL"	"Foreign direct investment net (BoP current US$)"	"BN.KLT.DINV.CD"	""	""	""	""	""	""	""	""	""	""	""	""	""	""	""	""	""	""	""	""	""	""	""	""	""	""	""	""	""	""	""	""	""	""	""	""	""	""	""	""	""	""	""	""	""	"-1139201857"	"-8688143202"	"-13095644187"	"28771398068"	"-55207149201"	"-54788969279"	"-22211179538"	"12813079255"	"-22196719398"	""
"Benin"	"BEN"	"Foreign direct investment net (BoP current US$)"	"BN.KLT.DINV.CD"	""	""	""	""	""	""	""	""	""	""	""	""	""	""	""	""	""	""	""	""	""	""	""	""	""	""	""	""	""	""	""	""	""	""	""	""	""	""	""	""	""	""	""	""	""	"-53428819.13"	"-54929323.53"	"-261336701.3"	"-173827794.6"	"-103099138.9"	"-194717291.1"	"-101441761.9"	"-241229097"	""	""
"Burkina Faso"	"BFA"	"Foreign direct investment net (BoP current US$)"	"BN.KLT.DINV.CD"	""	""	""	""	""	""	""	""	""	""	""	""	""	""	""	""	""	""	""	""	""	""	""	""	""	""	""	""	""	""	""	""	""	""	""	""	""	""	""	""	""	""	""	""	""	"-34347098.01"	"-34500556.94"	"-336931341.5"	"-103839781.7"	"-71077878.92"	"-38150366.72"	""	""	""	""
"Bangladesh"	"BGD"	"Foreign direct investment net (BoP current US$)"	"BN.KLT.DINV.CD"	""	""	""	""	""	""	""	""	""	""	""	""	""	""	""	""	""	""	""	""	""	""	""	""	""	""	""	""	""	""	""	""	""	""	""	""	""	""	""	""	""	""	""	""	""	"-758530217.4"	"-728615341.7"	"-650180628.5"	"-1023431798"	"-804456857.7"	"-858448052.8"	"-1182833050"	"-1472651515"	"-1497759298"	""
"Bulgaria"	"BGR"	"Foreign direct investment net (BoP current US$)"	"BN.KLT.DINV.CD"	""	""	""	""	""	""	""	""	""	""	""	""	""	""	""	""	""	""	""	""	""	""	""	""	""	""	""	""	""	""	""	""	""	""	""	""	""	""	""	""	""	""	""	""	""	"-4004786052"	"-7582756076"	"-12903082289"	"-9179244610"	"-3535417639"	"-1285676036"	"-1638723488"	"-1026167347"	"-1252275554"	""
"Bahrain"	"BHR"	"Foreign direct investment net (BoP current US$)"	"BN.KLT.DINV.CD"	""	""	""	""	""	""	""	""	""	""	""	""	""	""	""	""	""	""	""	""	""	""	""	""	""	""	""	""	""	""	""	""	""	""	""	""	""	""	""	""	""	""	""	""	""	"86771034.28"	"-1934606677"	"-87163578.61"	"-173519631.1"	"-2048638923"	"178271544"	"112765957.4"	"31117021.28"	"63563829.79"	""
"Bahamas The"	"BHS"	"Foreign direct investment net (BoP current US$)"	"BN.KLT.DINV.CD"	""	""	""	""	""	""	""	""	""	""	""	""	""	""	""	""	""	""	""	""	""	""	""	""	""	""	""	""	""	""	""	""	""	""	""	""	""	""	""	""	""	""	""	""	""	"-563414700"	"-706380000"	"-713350000"	"-860156197"	"-663960000"	"-871970000"	"-666621000"	"-526171000"	"-382252000"	""
"Bosnia and Herzegovina"	"BIH"	"Foreign direct investment net (BoP current US$)"	"BN.KLT.DINV.CD"	""	""	""	""	""	""	""	""	""	""	""	""	""	""	""	""	""	""	""	""	""	""	""	""	""	""	""	""	""	""	""	""	""	""	""	""	""	""	""	""	""	""	""	""	""	"-607373915.4"	"-764131962.5"	"-1777373275"	"-965405030.8"	"-231998611.5"	"-362660381.9"	"-476436501.7"	"-333364821.1"	"-292703150.3"	""
"Belarus"	"BLR"	"Foreign direct investment net (BoP current US$)"	"BN.KLT.DINV.CD"	""	""	""	""	""	""	""	""	""	""	""	""	""	""	""	""	""	""	""	""	""	""	""	""	""	""	""	""	""	""	""	""	""	""	""	""	""	""	""	""	""	""	""	""	""	"-304100000"	"-354100000"	"-1792100000"	"-2157300000"	"-1774200000"	"-1342800000"	"-3876900000"	"-1308100000"	"-1983900000"	""
"Belize"	"BLZ"	"Foreign direct investment net (BoP current US$)"	"BN.KLT.DINV.CD"	""	""	""	""	""	""	""	""	""	""	""	""	""	""	""	""	""	""	""	""	""	""	""	""	""	""	""	""	""	""	""	""	""	""	""	""	""	""	""	""	""	""	""	""	""	"-125927475.8"	"-108256902.2"	"-139387819.3"	"-166910700.1"	"-108378836"	"-95328799.77"	"-94715507.95"	"-193325682.3"	"-88601085.42"	""
"Bermuda"	"BMU"	"Foreign direct investment net (BoP current US$)"	"BN.KLT.DINV.CD"	""	""	""	""	""	""	""	""	""	""	""	""	""	""	""	""	""	""	""	""	""	""	""	""	""	""	""	""	""	""	""	""	""	""	""	""	""	""	""	""	""	""	""	""	""	""	"200070000"	"-512299998.1"	"151362971.9"	"81724155.04"	"-236611007.8"	"-78844721.36"	"192813471.5"	"-4328580.312"	""
"Bolivia"	"BOL"	"Foreign direct investment net (BoP current US$)"	"BN.KLT.DINV.CD"	""	""	""	""	""	""	""	""	""	""	""	""	""	""	""	""	""	""	""	""	""	""	""	""	""	""	""	""	""	""	""	""	""	""	""	""	""	""	""	""	""	""	""	""	""	"241620000"	"-277763457"	"-363294241.5"	"-509335605.2"	"-420040000"	"-650803350.5"	"-858666303.7"	"-1059965391"	"-1749612614"	""
"Brazil"	"BRA"	"Foreign direct investment net (BoP current US$)"	"BN.KLT.DINV.CD"	""	""	""	""	""	""	""	""	""	""	""	""	""	""	""	""	""	""	""	""	""	""	""	""	""	""	""	""	""	""	""	""	""	""	""	""	""	""	""	""	""	""	""	""	""	"-12549590735"	"9420275577"	"-27518241273"	"-24601090274"	"-36032806300"	"-36918923577"	"-67689141256"	"-68093253945"	"-67490979326"	""
"Barbados"	"BRB"	"Foreign direct investment net (BoP current US$)"	"BN.KLT.DINV.CD"	""	""	""	""	""	""	""	""	""	""	""	""	""	""	""	""	""	""	""	""	""	""	""	""	""	""	""	""	""	""	""	""	""	""	""	""	""	""	""	""	""	""	""	""	""	"-229131784.5"	"-297796463.5"	"-369465815.3"	"-468273111.7"	"-352359730.9"	"-329023165.8"	""	""	""	""
"Brunei Darussalam"	"BRN"	"Foreign direct investment net (BoP current US$)"	"BN.KLT.DINV.CD"	""	""	""	""	""	""	""	""	""	""	""	""	""	""	""	""	""	""	""	""	""	""	""	""	""	""	""	""	""	""	""	""	""	""	""	""	""	""	""	""	""	""	""	""	""	"-175068516.6"	"-70382447.54"	"-257635717.5"	"-222184549.5"	"-325586827.8"	""	""	"-859061564.7"	""	""
"Bhutan"	"BTN"	"Foreign direct investment net (BoP current US$)"	"BN.KLT.DINV.CD"	""	""	""	""	""	""	""	""	""	""	""	""	""	""	""	""	""	""	""	""	""	""	""	""	""	""	""	""	""	""	""	""	""	""	""	""	""	""	""	""	""	""	""	""	""	""	"-6122702.143"	"-73855769.76"	"-3144001.019"	"-18299707.23"	"-75274009.03"	"-31141614.86"	"-24380673.57"	"-49784378.01"	""
"Botswana"	"BWA"	"Foreign direct investment net (BoP current US$)"	"BN.KLT.DINV.CD"	""	""	""	""	""	""	""	""	""	""	""	""	""	""	""	""	""	""	""	""	""	""	""	""	""	""	""	""	""	""	""	""	""	""	""	""	""	""	""	""	""	""	""	""	""	"-222704709.5"	"-436885495.9"	"-463034403.7"	"-612317194.6"	"-123017966.6"	"-134832420.1"	"-1103159379"	"-138417741.4"	"-189141462.6"	""
"Central African Republic"	"CAF"	"Foreign direct investment net (BoP current US$)"	"BN.KLT.DINV.CD"	""	""	""	""	""	""	""	""	""	""	""	""	""	""	""	""	""	""	""	""	""	""	""	""	""	""	""	""	""	""	""	""	""	""	""	""	""	""	""	""	""	""	""	""	""	""	""	""	""	""	""	""	""	""	""
"Canada"	"CAN"	"Foreign direct investment net (BoP current US$)"	"BN.KLT.DINV.CD"	""	""	""	""	""	""	""	""	""	""	""	""	""	""	""	""	""	""	""	""	""	""	""	""	""	""	""	""	""	""	""	""	""	""	""	""	""	""	""	""	""	""	""	""	""	"1725069777"	"-13941631258"	"-55286434401"	"18567341650"	"16775357301"	"6623329810"	"11774674034"	"12525974000"	"-22075593887"	""
"Central Europe and the Baltics"	"CEB"	"Foreign direct investment net (BoP current US$)"	"BN.KLT.DINV.CD"	""	""	""	""	""	""	""	""	""	""	""	""	""	""	""	""	""	""	""	""	""	""	""	""	""	""	""	""	""	""	""	""	""	""	""	""	""	""	""	""	""	""	""	""	""	""	""	""	""	""	""	""	""	""	""
"Switzerland"	"CHE"	"Foreign direct investment net (BoP current US$)"	"BN.KLT.DINV.CD"	""	""	""	""	""	""	""	""	""	""	""	""	""	""	""	""	""	""	""	""	""	""	""	""	""	""	""	""	""	""	""	""	""	""	""	""	""	""	""	""	""	""	""	""	""	"51368902312"	"31562716792"	"18590543854"	"27293189256"	"-2954454437"	"51765124137"	"21533503178"	"34547737767"	"64916881839"	""
"Channel Islands"	"CHI"	"Foreign direct investment net (BoP current US$)"	"BN.KLT.DINV.CD"	""	""	""	""	""	""	""	""	""	""	""	""	""	""	""	""	""	""	""	""	""	""	""	""	""	""	""	""	""	""	""	""	""	""	""	""	""	""	""	""	""	""	""	""	""	""	""	""	""	""	""	""	""	""	""
"Chile"	"CHL"	"Foreign direct investment net (BoP current US$)"	"BN.KLT.DINV.CD"	""	""	""	""	""	""	""	""	""	""	""	""	""	""	""	""	""	""	""	""	""	""	""	""	""	""	""	""	""	""	""	""	""	""	""	""	""	""	""	""	""	""	""	""	""	"-4801086424"	"-5126929295"	"-9960808985"	"-7108656694"	"-5654421898"	"-6264493086"	"-3191966837"	"-6211549619"	"-9335226092"	""
"China"	"CHN"	"Foreign direct investment net (BoP current US$)"	"BN.KLT.DINV.CD"	""	""	""	""	""	""	""	""	""	""	""	""	""	""	""	""	""	""	""	""	""	""	""	""	""	""	""	""	""	""	""	""	""	""	""	""	""	""	""	""	""	""	""	""	""	"-90379127564"	"-100150000000"	"-139095000000"	"-114792000000"	"-87167067370"	"-185750000000"	"-231652000000"	"-176250000000"	"-184972000000"	""
"Cote d'Ivoire"	"CIV"	"Foreign direct investment net (BoP current US$)"	"BN.KLT.DINV.CD"	""	""	""	""	""	""	""	""	""	""	""	""	""	""	""	""	""	""	""	""	""	""	""	""	""	""	""	""	""	""	""	""	""	""	""	""	""	""	""	""	""	""	""	""	""	"-311921178"	"-318864759.2"	"-426777010.3"	"-446147780.7"	"-386590290.1"	"-314068409.1"	""	""	""	""
"Cameroon"	"CMR"	"Foreign direct investment net (BoP current US$)"	"BN.KLT.DINV.CD"	""	""	""	""	""	""	""	""	""	""	""	""	""	""	""	""	""	""	""	""	""	""	""	""	""	""	""	""	""	""	""	""	""	""	""	""	""	""	""	""	""	""	""	""	""	"-257175721.1"	"-64376815.28"	"-197036396.9"	"-23117191.84"	"-809089563.8"	"-35250979.23"	"-465562144.5"	"-809721895.1"	"-704766767.1"	""
"Congo Rep."	"COG"	"Foreign direct investment net (BoP current US$)"	"BN.KLT.DINV.CD"	""	""	""	""	""	""	""	""	""	""	""	""	""	""	""	""	""	""	""	""	""	""	""	""	""	""	""	""	""	""	""	""	""	""	""	""	""	""	""	""	""	""	""	""	""	"-513585519.2"	"-1487693084"	"-2638405260"	""	""	""	""	""	""	""
"Colombia"	"COL"	"Foreign direct investment net (BoP current US$)"	"BN.KLT.DINV.CD"	""	""	""	""	""	""	""	""	""	""	""	""	""	""	""	""	""	""	""	""	""	""	""	""	""	""	""	""	""	""	""	""	""	""	""	""	""	""	""	""	""	""	""	""	""	"-5439900950"	"-5482867063"	"-7606971149"	"-7479547723"	"-4529936877"	"-947284309.6"	"-6227929889"	"-15645574370"	"-8546318942"	""
"Comoros"	"COM"	"Foreign direct investment net (BoP current US$)"	"BN.KLT.DINV.CD"	""	""	""	""	""	""	""	""	""	""	""	""	""	""	""	""	""	""	""	""	""	""	""	""	""	""	""	""	""	""	""	""	""	""	""	""	""	""	""	""	""	""	""	""	""	"-558643.2487"	"-777728.3459"	"-7681783.082"	"-4631824.185"	"-13784111.95"	"-8342263.125"	"-23088175.8"	"-10375785.66"	""	""
"Cabo Verde"	"CPV"	"Foreign direct investment net (BoP current US$)"	"BN.KLT.DINV.CD"	""	""	""	""	""	""	""	""	""	""	""	""	""	""	""	""	""	""	""	""	""	""	""	""	""	""	""	""	""	""	""	""	""	""	""	""	""	""	""	""	""	""	""	""	""	"-80440643.36"	"-131815477.7"	"-191516813.9"	"-213833531.9"	"-125193356.9"	"-116171216.8"	"-100816372.5"	"-70088055.63"	"-26809290.63"	""
"Costa Rica"	"CRI"	"Foreign direct investment net (BoP current US$)"	"BN.KLT.DINV.CD"	""	""	""	""	""	""	""	""	""	""	""	""	""	""	""	""	""	""	""	""	""	""	""	""	""	""	""	""	""	""	""	""	""	""	""	""	""	""	""	""	""	""	""	""	""	"-904004270"	"-1371003808"	"-1633691258"	"-2072325085"	"-1339038362"	"-1439931629"	"-2118316537"	"-1903833628"	"-2424065407"	""
"Caribbean small states"	"CSS"	"Foreign direct investment net (BoP current US$)"	"BN.KLT.DINV.CD"	""	""	""	""	""	""	""	""	""	""	""	""	""	""	""	""	""	""	""	""	""	""	""	""	""	""	""	""	""	""	""	""	""	""	""	""	""	""	""	""	""	""	""	""	""	""	""	""	""	""	""	""	""	""	""
"Cuba"	"CUB"	"Foreign direct investment net (BoP current US$)"	"BN.KLT.DINV.CD"	""	""	""	""	""	""	""	""	""	""	""	""	""	""	""	""	""	""	""	""	""	""	""	""	""	""	""	""	""	""	""	""	""	""	""	""	""	""	""	""	""	""	""	""	""	""	""	""	""	""	""	""	""	""	""
"Curacao"	"CUW"	"Foreign direct investment net (BoP current US$)"	"BN.KLT.DINV.CD"	""	""	""	""	""	""	""	""	""	""	""	""	""	""	""	""	""	""	""	""	""	""	""	""	""	""	""	""	""	""	""	""	""	""	""	""	""	""	""	""	""	""	""	""	""	""	""	""	""	""	""	""	""	""	""
"Cayman Islands"	"CYM"	"Foreign direct investment net (BoP current US$)"	"BN.KLT.DINV.CD"	""	""	""	""	""	""	""	""	""	""	""	""	""	""	""	""	""	""	""	""	""	""	""	""	""	""	""	""	""	""	""	""	""	""	""	""	""	""	""	""	""	""	""	""	""	""	""	""	""	""	""	""	""	""	""
"Cyprus"	"CYP"	"Foreign direct investment net (BoP current US$)"	"BN.KLT.DINV.CD"	""	""	""	""	""	""	""	""	""	""	""	""	""	""	""	""	""	""	""	""	""	""	""	""	""	""	""	""	""	""	""	""	""	""	""	""	""	""	""	""	""	""	""	""	""	"-614353041.3"	"-974613952.3"	"-1032465697"	"1311920630"	"-3128161544"	"-114390836.6"	"-85714313.7"	"-1544229196"	"-217766312.1"	""
"Czech Republic"	"CZE"	"Foreign direct investment net (BoP current US$)"	"BN.KLT.DINV.CD"	""	""	""	""	""	""	""	""	""	""	""	""	""	""	""	""	""	""	""	""	""	""	""	""	""	""	""	""	""	""	""	""	""	""	""	""	""	""	""	""	""	""	""	""	""	"-11628780518"	"-4042698064"	"-8963737281"	"-2257630027"	"-1951524219"	"-4918389086"	"-2592542448"	"-6180684036"	"-1703967575"	""
"Germany"	"DEU"	"Foreign direct investment net (BoP current US$)"	"BN.KLT.DINV.CD"	""	""	""	""	""	""	""	""	""	""	""	""	""	""	""	""	""	""	""	""	""	""	""	""	""	""	""	""	""	""	""	""	""	""	""	""	""	""	""	""	""	""	""	""	""	"29126709052"	"60497713147"	"89824274898"	"67063870826"	"42985826498"	"60640584997"	"19979166696"	"65402927665"	"29675182866"	""
"Djibouti"	"DJI"	"Foreign direct investment net (BoP current US$)"	"BN.KLT.DINV.CD"	""	""	""	""	""	""	""	""	""	""	""	""	""	""	""	""	""	""	""	""	""	""	""	""	""	""	""	""	""	""	""	""	""	""	""	""	""	""	""	""	""	""	""	""	""	"-22203341.19"	"-108287709.4"	"-195351140.3"	"-227654582.2"	"-96859684.56"	"-36501032.52"	"-79000230.7"	"-109998255.7"	"-286004467.7"	""
"Dominica"	"DMA"	"Foreign direct investment net (BoP current US$)"	"BN.KLT.DINV.CD"	""	""	""	""	""	""	""	""	""	""	""	""	""	""	""	""	""	""	""	""	""	""	""	""	""	""	""	""	""	""	""	""	""	""	""	""	""	""	""	""	""	""	""	""	""	"-19235559.26"	"-25907525.93"	"-40486774.81"	"-56548262.96"	"-42420685.56"	"-24341705.19"	"-14192972.59"	"-23152398.15"	"-17915757.41"	""
"Denmark"	"DNK"	"Foreign direct investment net (BoP current US$)"	"BN.KLT.DINV.CD"	""	""	""	""	""	""	""	""	""	""	""	""	""	""	""	""	""	""	""	""	""	""	""	""	""	""	""	""	""	""	""	""	""	""	""	""	""	""	""	""	""	""	""	""	""	"3372185289"	"5726180176"	"8185821306"	"12133094650"	"1942771757"	"11500336082"	"-760896205.7"	"5210202439"	"9239960134"	""
"Dominican Republic"	"DOM"	"Foreign direct investment net (BoP current US$)"	"BN.KLT.DINV.CD"	""	""	""	""	""	""	""	""	""	""	""	""	""	""	""	""	""	""	""	""	""	""	""	""	""	""	""	""	""	""	""	""	""	""	""	""	""	""	""	""	""	""	""	""	""	"-1122700000"	"-1084600000"	"-1667400000"	"-2870000000"	"-2165400000"	"-2023727859"	"-2276700000"	"-3142400000"	"-1990300000"	""
"Algeria"	"DZA"	"Foreign direct investment net (BoP current US$)"	"BN.KLT.DINV.CD"	""	""	""	""	""	""	""	""	""	""	""	""	""	""	""	""	""	""	""	""	""	""	""	""	""	""	""	""	""	""	""	""	""	""	""	""	""	""	""	""	""	""	""	""	""	"-1101000000"	"-1762000000"	"-1539745128"	"-2320754664"	"-2532507565"	"-2080808789"	"-2037312385"	"-1541844615"	"-1961034642"	""
"East Asia & Pacific (developing only)"	"EAP"	"Foreign direct investment net (BoP current US$)"	"BN.KLT.DINV.CD"	""	""	""	""	""	""	""	""	""	""	""	""	""	""	""	""	""	""	""	""	""	""	""	""	""	""	""	""	""	""	""	""	""	""	""	""	""	""	""	""	""	""	""	""	""	""	""	""	""	""	""	""	""	""	""
"East Asia & Pacific (all income levels)"	"EAS"	"Foreign direct investment net (BoP current US$)"	"BN.KLT.DINV.CD"	""	""	""	""	""	""	""	""	""	""	""	""	""	""	""	""	""	""	""	""	""	""	""	""	""	""	""	""	""	""	""	""	""	""	""	""	""	""	""	""	""	""	""	""	""	""	""	""	""	""	""	""	""	""	""
"Europe & Central Asia (developing only)"	"ECA"	"Foreign direct investment net (BoP current US$)"	"BN.KLT.DINV.CD"	""	""	""	""	""	""	""	""	""	""	""	""	""	""	""	""	""	""	""	""	""	""	""	""	""	""	""	""	""	""	""	""	""	""	""	""	""	""	""	""	""	""	""	""	""	""	""	""	""	""	""	""	""	""	""
"Europe & Central Asia (all income levels)"	"ECS"	"Foreign direct investment net (BoP current US$)"	"BN.KLT.DINV.CD"	""	""	""	""	""	""	""	""	""	""	""	""	""	""	""	""	""	""	""	""	""	""	""	""	""	""	""	""	""	""	""	""	""	""	""	""	""	""	""	""	""	""	""	""	""	""	""	""	""	""	""	""	""	""	""
"Ecuador"	"ECU"	"Foreign direct investment net (BoP current US$)"	"BN.KLT.DINV.CD"	""	""	""	""	""	""	""	""	""	""	""	""	""	""	""	""	""	""	""	""	""	""	""	""	""	""	""	""	""	""	""	""	""	""	""	""	""	""	""	""	""	""	""	""	""	"-493413835.5"	"-271428852.5"	"-193872526.9"	"-1057561020"	"-307690890.1"	"-162957320.4"	"-643589358.7"	"-584582300.9"	"-725051206.3"	""
"Egypt Arab Rep."	"EGY"	"Foreign direct investment net (BoP current US$)"	"BN.KLT.DINV.CD"	""	""	""	""	""	""	""	""	""	""	""	""	""	""	""	""	""	""	""	""	""	""	""	""	""	""	""	""	""	""	""	""	""	""	""	""	""	""	""	""	""	""	""	""	""	"-5283600000"	"-9894400000"	"-10913300000"	"-7574400000"	"-6140400000"	"-5210100000"	"1108200000"	"-2586600000"	""	""
"Euro area"	"EMU"	"Foreign direct investment net (BoP current US$)"	"BN.KLT.DINV.CD"	""	""	""	""	""	""	""	""	""	""	""	""	""	""	""	""	""	""	""	""	""	""	""	""	""	""	""	""	""	""	""	""	""	""	""	""	""	""	""	""	""	""	""	""	""	""	""	""	""	""	""	""	""	""	""
"Eritrea"	"ERI"	"Foreign direct investment net (BoP current US$)"	"BN.KLT.DINV.CD"	""	""	""	""	""	""	""	""	""	""	""	""	""	""	""	""	""	""	""	""	""	""	""	""	""	""	""	""	""	""	""	""	""	""	""	""	""	""	""	""	""	""	""	""	""	""	""	""	""	""	""	""	""	""	""
"Spain"	"ESP"	"Foreign direct investment net (BoP current US$)"	"BN.KLT.DINV.CD"	""	""	""	""	""	""	""	""	""	""	""	""	""	""	""	""	""	""	""	""	""	""	""	""	""	""	""	""	""	""	""	""	""	""	""	""	""	""	""	""	""	""	""	""	""	"17349440696"	"72311499268"	"72862746153"	"-3926329889"	"2378551232"	"-3280994808"	"13163660056"	"-29974053463"	"-12957435729"	""
"Estonia"	"EST"	"Foreign direct investment net (BoP current US$)"	"BN.KLT.DINV.CD"	""	""	""	""	""	""	""	""	""	""	""	""	""	""	""	""	""	""	""	""	""	""	""	""	""	""	""	""	""	""	""	""	""	""	""	""	""	""	""	""	""	""	""	""	""	"-2253768927"	"-675619881.8"	"-977361941.1"	"-618602267.5"	"-335670841.8"	"-1463800108"	"-1810309988"	"-298158399"	"-599538203.1"	""
"Ethiopia"	"ETH"	"Foreign direct investment net (BoP current US$)"	"BN.KLT.DINV.CD"	""	""	""	""	""	""	""	""	""	""	""	""	""	""	""	""	""	""	""	""	""	""	""	""	""	""	""	""	""	""	""	""	""	""	""	""	""	""	""	""	""	""	""	""	""	"-265111675.5"	"-545257102.2"	"-222000573"	"-108537544"	"-221459581.4"	"-288271568.3"	"-626509560.4"	"-278562822.2"	""	""
"European Union"	"EUU"	"Foreign direct investment net (BoP current US$)"	"BN.KLT.DINV.CD"	""	""	""	""	""	""	""	""	""	""	""	""	""	""	""	""	""	""	""	""	""	""	""	""	""	""	""	""	""	""	""	""	""	""	""	""	""	""	""	""	""	""	""	""	""	""	""	""	""	""	""	""	""	""	""
"Fragile and conflict affected situations"	"FCS"	"Foreign direct investment net (BoP current US$)"	"BN.KLT.DINV.CD"	""	""	""	""	""	""	""	""	""	""	""	""	""	""	""	""	""	""	""	""	""	""	""	""	""	""	""	""	""	""	""	""	""	""	""	""	""	""	""	""	""	""	""	""	""	""	""	""	""	""	""	""	""	""	""
"Finland"	"FIN"	"Foreign direct investment net (BoP current US$)"	"BN.KLT.DINV.CD"	""	""	""	""	""	""	""	""	""	""	""	""	""	""	""	""	""	""	""	""	""	""	""	""	""	""	""	""	""	""	""	""	""	""	""	""	""	""	""	""	""	""	""	""	""	"-390440069.1"	"-2838699788"	"-5461838462"	"10734694525"	"4918606626"	"2766072020"	"2455779020"	"3440832103"	"5033921545"	""
"Fiji"	"FJI"	"Foreign direct investment net (BoP current US$)"	"BN.KLT.DINV.CD"	""	""	""	""	""	""	""	""	""	""	""	""	""	""	""	""	""	""	""	""	""	""	""	""	""	""	""	""	""	""	""	""	""	""	""	""	""	""	""	""	""	""	""	""	""	"-149295978"	"-369668649.2"	"-383485046"	"-358935992.4"	"-137114997.3"	"-350920344.8"	"-415515190.1"	"-265522969.7"	"-153555408.5"	""
"France"	"FRA"	"Foreign direct investment net (BoP current US$)"	"BN.KLT.DINV.CD"	""	""	""	""	""	""	""	""	""	""	""	""	""	""	""	""	""	""	""	""	""	""	""	""	""	""	""	""	""	""	""	""	""	""	""	""	""	""	""	""	""	""	""	""	""	"28829338873"	"39576028805"	"68780671777"	"93405415627"	"82186214333"	"30329499591"	"22092550635"	"17955501782"	"-6858429241"	""
"Faeroe Islands"	"FRO"	"Foreign direct investment net (BoP current US$)"	"BN.KLT.DINV.CD"	""	""	""	""	""	""	""	""	""	""	""	""	""	""	""	""	""	""	""	""	""	""	""	""	""	""	""	""	""	""	""	""	""	""	""	""	""	""	""	""	""	""	""	""	""	""	""	""	""	""	""	""	""	""	""
"Micronesia Fed. Sts."	"FSM"	"Foreign direct investment net (BoP current US$)"	"BN.KLT.DINV.CD"	""	""	""	""	""	""	""	""	""	""	""	""	""	""	""	""	""	""	""	""	""	""	""	""	""	""	""	""	""	""	""	""	""	""	""	""	""	""	""	""	""	""	""	""	""	""	""	""	""	""	""	""	""	""	""
"Gabon"	"GAB"	"Foreign direct investment net (BoP current US$)"	"BN.KLT.DINV.CD"	""	""	""	""	""	""	""	""	""	""	""	""	""	""	""	""	""	""	""	""	""	""	""	""	""	""	""	""	""	""	""	""	""	""	""	""	""	""	""	""	""	""	""	""	""	"-166927616.8"	""	""	""	""	""	""	""	""	""
"United Kingdom"	"GBR"	"Foreign direct investment net (BoP current US$)"	"BN.KLT.DINV.CD"	""	""	""	""	""	""	""	""	""	""	""	""	""	""	""	""	""	""	""	""	""	""	""	""	""	""	""	""	""	""	""	""	""	""	""	""	""	""	""	""	""	""	""	""	""	"-96615160033"	"-68497198331"	"126017000000"	"69639832014"	"-30059868961"	"-23245497432"	"55905425381"	"-10949706563"	"-41233673940"	""
"Georgia"	"GEO"	"Foreign direct investment net (BoP current US$)"	"BN.KLT.DINV.CD"	""	""	""	""	""	""	""	""	""	""	""	""	""	""	""	""	""	""	""	""	""	""	""	""	""	""	""	""	""	""	""	""	""	""	""	""	""	""	""	""	""	""	""	""	""	"-542229625.3"	"-1183458795"	"-1676348559"	"-1417698995"	"-677421222.9"	"-678689436.5"	"-901617091.6"	"-614333375.7"	"-829031348.7"	""
"Ghana"	"GHA"	"Foreign direct investment net (BoP current US$)"	"BN.KLT.DINV.CD"	""	""	""	""	""	""	""	""	""	""	""	""	""	""	""	""	""	""	""	""	""	""	""	""	""	""	""	""	""	""	""	""	""	""	""	""	""	""	""	""	""	""	""	""	""	"-144970000"	"-636010000"	"-1383177930"	"-2714916344"	"-2365640000"	"-2527350000"	"-3196890000"	"-3293430000"	"-3226300000"	""
"Guinea"	"GIN"	"Foreign direct investment net (BoP current US$)"	"BN.KLT.DINV.CD"	""	""	""	""	""	""	""	""	""	""	""	""	""	""	""	""	""	""	""	""	""	""	""	""	""	""	""	""	""	""	""	""	""	""	""	""	""	""	""	""	""	""	""	""	""	"-105000000"	"-125000000"	"-385900000"	"-318240000"	"-140850000"	"-101350000"	"-955220000"	"-603550000"	"-135440000"	""
"Gambia The"	"GMB"	"Foreign direct investment net (BoP current US$)"	"BN.KLT.DINV.CD"	""	""	""	""	""	""	""	""	""	""	""	""	""	""	""	""	""	""	""	""	""	""	""	""	""	""	""	""	""	""	""	""	""	""	""	""	""	""	""	""	""	""	""	""	""	"-53650280.02"	"-82208102.59"	"-78099786.49"	"-78614989.73"	"-39447343.71"	"-37366207.68"	"-36178721.37"	"-33524808.59"	""	""
"Guinea-Bissau"	"GNB"	"Foreign direct investment net (BoP current US$)"	"BN.KLT.DINV.CD"	""	""	""	""	""	""	""	""	""	""	""	""	""	""	""	""	""	""	""	""	""	""	""	""	""	""	""	""	""	""	""	""	""	""	""	""	""	""	""	""	""	""	""	""	""	"-7996691.473"	"-17219679.31"	"-18560116.18"	"-5970066.658"	"-18950200"	"-26540200"	"-35734713.72"	"-12943877.02"	""	""
"Equatorial Guinea"	"GNQ"	"Foreign direct investment net (BoP current US$)"	"BN.KLT.DINV.CD"	""	""	""	""	""	""	""	""	""	""	""	""	""	""	""	""	""	""	""	""	""	""	""	""	""	""	""	""	""	""	""	""	""	""	""	""	""	""	""	""	""	""	""	""	""	""	""	""	""	""	""	""	""	""	""
"Greece"	"GRC"	"Foreign direct investment net (BoP current US$)"	"BN.KLT.DINV.CD"	""	""	""	""	""	""	""	""	""	""	""	""	""	""	""	""	""	""	""	""	""	""	""	""	""	""	""	""	""	""	""	""	""	""	""	""	""	""	""	""	""	""	""	""	""	"818350755.2"	"-1175033341"	"3303102385"	"-2527382308"	"-322362264.5"	"1163638117"	"725543592.9"	"-984812174.2"	"-3643182504"	""
"Grenada"	"GRD"	"Foreign direct investment net (BoP current US$)"	"BN.KLT.DINV.CD"	""	""	""	""	""	""	""	""	""	""	""	""	""	""	""	""	""	""	""	""	""	""	""	""	""	""	""	""	""	""	""	""	""	""	""	""	""	""	""	""	""	""	""	""	""	"-70157129.63"	"-89787148.15"	"-156554796.7"	"-134832583.3"	"-102556363"	"-60420861.11"	"-42648183.7"	"-31489862.96"	"-74688413.33"	""
"Greenland"	"GRL"	"Foreign direct investment net (BoP current US$)"	"BN.KLT.DINV.CD"	""	""	""	""	""	""	""	""	""	""	""	""	""	""	""	""	""	""	""	""	""	""	""	""	""	""	""	""	""	""	""	""	""	""	""	""	""	""	""	""	""	""	""	""	""	""	""	""	""	""	""	""	""	""	""
"Guatemala"	"GTM"	"Foreign direct investment net (BoP current US$)"	"BN.KLT.DINV.CD"	""	""	""	""	""	""	""	""	""	""	""	""	""	""	""	""	""	""	""	""	""	""	""	""	""	""	""	""	""	""	""	""	""	""	""	""	""	""	""	""	""	""	""	""	""	"-470200000"	"-551800000"	"-719700000"	"-737458074.8"	"-573677825.1"	"-782335484.4"	"-1008906215"	"-1205491304"	"-1275062024"	""
"Guam"	"GUM"	"Foreign direct investment net (BoP current US$)"	"BN.KLT.DINV.CD"	""	""	""	""	""	""	""	""	""	""	""	""	""	""	""	""	""	""	""	""	""	""	""	""	""	""	""	""	""	""	""	""	""	""	""	""	""	""	""	""	""	""	""	""	""	""	""	""	""	""	""	""	""	""	""
"Guyana"	"GUY"	"Foreign direct investment net (BoP current US$)"	"BN.KLT.DINV.CD"	""	""	""	""	""	""	""	""	""	""	""	""	""	""	""	""	""	""	""	""	""	""	""	""	""	""	""	""	""	""	""	""	""	""	""	""	""	""	""	""	""	""	""	""	""	"-76800000"	"-102400000"	"-152400000"	"-178000000"	"-164000000"	"-198000000"	"-246800000"	"-277910000"	"-200523800"	""
"High income"	"HIC"	"Foreign direct investment net (BoP current US$)"	"BN.KLT.DINV.CD"	""	""	""	""	""	""	""	""	""	""	""	""	""	""	""	""	""	""	""	""	""	""	""	""	""	""	""	""	""	""	""	""	""	""	""	""	""	""	""	""	""	""	""	""	""	""	""	""	""	""	""	""	""	""	""
"Hong Kong SAR China"	"HKG"	"Foreign direct investment net (BoP current US$)"	"BN.KLT.DINV.CD"	""	""	""	""	""	""	""	""	""	""	""	""	""	""	""	""	""	""	""	""	""	""	""	""	""	""	""	""	""	""	""	""	""	""	""	""	""	""	""	""	""	""	""	""	""	"-7046765338"	"2675540709"	"5776874925"	"-9956594156"	"3667674307"	"15721643054"	"-229107860.4"	"13235718097"	"14888540345"	""
"Honduras"	"HND"	"Foreign direct investment net (BoP current US$)"	"BN.KLT.DINV.CD"	""	""	""	""	""	""	""	""	""	""	""	""	""	""	""	""	""	""	""	""	""	""	""	""	""	""	""	""	""	""	""	""	""	""	""	""	""	""	""	""	""	""	""	""	""	"-600806555.2"	"-668507260.7"	"-926080633.1"	"-1007343559"	"-505263098.5"	"-848036239.8"	"-1012297708"	"-1003865863"	"-1033347526"	""
"Heavily indebted poor countries (HIPC)"	"HPC"	"Foreign direct investment net (BoP current US$)"	"BN.KLT.DINV.CD"	""	""	""	""	""	""	""	""	""	""	""	""	""	""	""	""	""	""	""	""	""	""	""	""	""	""	""	""	""	""	""	""	""	""	""	""	""	""	""	""	""	""	""	""	""	""	""	""	""	""	""	""	""	""	""
"Croatia"	"HRV"	"Foreign direct investment net (BoP current US$)"	"BN.KLT.DINV.CD"	""	""	""	""	""	""	""	""	""	""	""	""	""	""	""	""	""	""	""	""	""	""	""	""	""	""	""	""	""	""	""	""	""	""	""	""	""	""	""	""	""	""	""	""	""	"-1550927848"	"-2963844239"	"-4606482821"	"-4486008041"	"-2015496242"	"-670992249.9"	"-1483673003"	"-1411339966"	"-768861890.6"	""
"Haiti"	"HTI"	"Foreign direct investment net (BoP current US$)"	"BN.KLT.DINV.CD"	""	""	""	""	""	""	""	""	""	""	""	""	""	""	""	""	""	""	""	""	""	""	""	""	""	""	""	""	""	""	""	""	""	""	""	""	""	""	""	""	""	""	""	""	""	"-26000000"	"-160600000"	"-74500000"	"-29800000"	"-55470000"	"-178000000"	"-119000000"	"-156000000"	"-185777879.4"	""
"Hungary"	"HUN"	"Foreign direct investment net (BoP current US$)"	"BN.KLT.DINV.CD"	""	""	""	""	""	""	""	""	""	""	""	""	""	""	""	""	""	""	""	""	""	""	""	""	""	""	""	""	""	""	""	""	""	""	""	""	""	""	""	""	""	""	""	""	""	"-5404639802"	"-451194078.7"	"-2485819395"	"-1399243483"	"-825238300.6"	"-3839509481"	"-1859497934"	"-2704674007"	"847619536.1"	""
"Indonesia"	"IDN"	"Foreign direct investment net (BoP current US$)"	"BN.KLT.DINV.CD"	""	""	""	""	""	""	""	""	""	""	""	""	""	""	""	""	""	""	""	""	""	""	""	""	""	""	""	""	""	""	""	""	""	""	""	""	""	""	""	""	""	""	""	""	""	"-5271257208"	"-2188448467"	"-2253330000"	"-3418723399"	"-2628247483"	"-11106333135"	"-11528394762"	"-13716225988"	"-13669157404"	""
"Isle of Man"	"IMN"	"Foreign direct investment net (BoP current US$)"	"BN.KLT.DINV.CD"	""	""	""	""	""	""	""	""	""	""	""	""	""	""	""	""	""	""	""	""	""	""	""	""	""	""	""	""	""	""	""	""	""	""	""	""	""	""	""	""	""	""	""	""	""	""	""	""	""	""	""	""	""	""	""
"India"	"IND"	"Foreign direct investment net (BoP current US$)"	"BN.KLT.DINV.CD"	""	""	""	""	""	""	""	""	""	""	""	""	""	""	""	""	""	""	""	""	""	""	""	""	""	""	""	""	""	""	""	""	""	""	""	""	""	""	""	""	""	""	""	""	""	"-4628652265"	"-5992285935"	"-8201628958"	"-24149749830"	"-19485789183"	"-11428785746"	"-23890659988"	"-15442447343"	"-26388082470"	""
"Not classified"	"INX"	"Foreign direct investment net (BoP current US$)"	"BN.KLT.DINV.CD"	""	""	""	""	""	""	""	""	""	""	""	""	""	""	""	""	""	""	""	""	""	""	""	""	""	""	""	""	""	""	""	""	""	""	""	""	""	""	""	""	""	""	""	""	""	""	""	""	""	""	""	""	""	""	""
"Ireland"	"IRL"	"Foreign direct investment net (BoP current US$)"	"BN.KLT.DINV.CD"	""	""	""	""	""	""	""	""	""	""	""	""	""	""	""	""	""	""	""	""	""	""	""	""	""	""	""	""	""	""	""	""	""	""	""	""	""	""	""	""	""	""	""	""	""	"44824253570"	"20816925829"	"-4014366973"	"34905390728"	"545425983.9"	"-20931725589"	"-25201352356"	"-19621467336"	"-12371927262"	""
"Iran Islamic Rep."	"IRN"	"Foreign direct investment net (BoP current US$)"	"BN.KLT.DINV.CD"	""	""	""	""	""	""	""	""	""	""	""	""	""	""	""	""	""	""	""	""	""	""	""	""	""	""	""	""	""	""	""	""	""	""	""	""	""	""	""	""	""	""	""	""	""	""	""	""	""	""	""	""	""	""	""
"Iraq"	"IRQ"	"Foreign direct investment net (BoP current US$)"	"BN.KLT.DINV.CD"	""	""	""	""	""	""	""	""	""	""	""	""	""	""	""	""	""	""	""	""	""	""	""	""	""	""	""	""	""	""	""	""	""	""	""	""	""	""	""	""	""	""	""	""	""	"-426600000"	"-78000000"	"-963900000"	"-1822100000"	"-1526400000"	"-1271300000"	"-1716000000"	"-2910000000"	""	""
"Iceland"	"ISL"	"Foreign direct investment net (BoP current US$)"	"BN.KLT.DINV.CD"	""	""	""	""	""	""	""	""	""	""	""	""	""	""	""	""	""	""	""	""	""	""	""	""	""	""	""	""	""	""	""	""	""	""	""	""	""	""	""	""	""	""	""	""	""	"3352308059"	"1576731943"	"7452567240"	"-2420335044"	"2838909471"	"-1167232714"	"313937860.3"	"-5553899492"	"155361285.6"	""
"Israel"	"ISR"	"Foreign direct investment net (BoP current US$)"	"BN.KLT.DINV.CD"	""	""	""	""	""	""	""	""	""	""	""	""	""	""	""	""	""	""	""	""	""	""	""	""	""	""	""	""	""	""	""	""	""	""	""	""	""	""	""	""	""	""	""	""	""	"-1872500000"	"166300000"	"-194400000"	"-3664600000"	"-2743500000"	"3578500000"	"70900000"	"-4797900000"	"-7134100000"	""
"Italy"	"ITA"	"Foreign direct investment net (BoP current US$)"	"BN.KLT.DINV.CD"	""	""	""	""	""	""	""	""	""	""	""	""	""	""	""	""	""	""	""	""	""	""	""	""	""	""	""	""	""	""	""	""	""	""	""	""	""	""	""	""	""	""	""	""	""	"21143749852"	"3470637068"	"52075789758"	"78981075037"	"3174216238"	"22992260316"	"19515137477"	"7857728499"	"15492170205"	""
"Jamaica"	"JAM"	"Foreign direct investment net (BoP current US$)"	"BN.KLT.DINV.CD"	""	""	""	""	""	""	""	""	""	""	""	""	""	""	""	""	""	""	""	""	""	""	""	""	""	""	""	""	""	""	""	""	""	""	""	""	""	""	""	""	""	""	""	""	""	"-581471995.9"	"-796768451"	"-751496215.3"	"-1360725411"	"-479765232.9"	"-169451030"	"-143677170.7"	"-470601801.6"	"-713639458.8"	""
"Jordan"	"JOR"	"Foreign direct investment net (BoP current US$)"	"BN.KLT.DINV.CD"	""	""	""	""	""	""	""	""	""	""	""	""	""	""	""	""	""	""	""	""	""	""	""	""	""	""	""	""	""	""	""	""	""	""	""	""	""	""	""	""	""	""	""	""	""	"-1821297602"	"-3682087447"	"-2574048817"	"-2813926352"	"-2340704225"	"-1622394366"	"-1442676056"	"-1491912676"	"-1782783099"	""
"Japan"	"JPN"	"Foreign direct investment net (BoP current US$)"	"BN.KLT.DINV.CD"	""	""	""	""	""	""	""	""	""	""	""	""	""	""	""	""	""	""	""	""	""	""	""	""	""	""	""	""	""	""	""	""	""	""	""	""	""	""	""	""	""	""	""	""	""	"46205395350"	"60549386567"	"51358484681"	"89018788218"	"61450645281"	"72215534552"	"117686000000"	"118855000000"	"132726000000"	""
"Kazakhstan"	"KAZ"	"Foreign direct investment net (BoP current US$)"	"BN.KLT.DINV.CD"	""	""	""	""	""	""	""	""	""	""	""	""	""	""	""	""	""	""	""	""	""	""	""	""	""	""	""	""	""	""	""	""	""	""	""	""	""	""	""	""	""	""	""	""	""	"-2119078810"	"-6689399480"	"-8030520279"	"-13114745080"	"-10083300957"	"-3665239041"	"-8582644895"	"-11825306050"	"-7790462084"	""
"Kenya"	"KEN"	"Foreign direct investment net (BoP current US$)"	"BN.KLT.DINV.CD"	""	""	""	""	""	""	""	""	""	""	""	""	""	""	""	""	""	""	""	""	""	""	""	""	""	""	""	""	""	""	""	""	""	""	""	""	""	""	""	""	""	""	""	""	""	"-11524455.87"	"-26717027.61"	"-693011390.5"	"-51819059.31"	"-70269794.39"	"-176486731.9"	"-325817353.1"	"-242549587.1"	""	""
"Kyrgyz Republic"	"KGZ"	"Foreign direct investment net (BoP current US$)"	"BN.KLT.DINV.CD"	""	""	""	""	""	""	""	""	""	""	""	""	""	""	""	""	""	""	""	""	""	""	""	""	""	""	""	""	""	""	""	""	""	""	""	""	""	""	""	""	""	""	""	""	""	"-42565248.3"	"-182022902.5"	"-208942327.6"	"-377120091.4"	"-189644600"	"-437610900"	"-693589500"	"-292400000"	"-757634700"	""
"Cambodia"	"KHM"	"Foreign direct investment net (BoP current US$)"	"BN.KLT.DINV.CD"	""	""	""	""	""	""	""	""	""	""	""	""	""	""	""	""	""	""	""	""	""	""	""	""	""	""	""	""	""	""	""	""	""	""	""	""	""	""	""	""	""	""	""	""	""	"-372902190.6"	"-474827561.7"	"-866193488"	"-794691393.1"	"-492241224"	"-714619115.6"	"-766295466.5"	"-1404797865"	"-1298791014"	""
"Kiribati"	"KIR"	"Foreign direct investment net (BoP current US$)"	"BN.KLT.DINV.CD"	""	""	""	""	""	""	""	""	""	""	""	""	""	""	""	""	""	""	""	""	""	""	""	""	""	""	""	""	""	""	""	""	""	""	""	""	""	""	""	""	""	""	""	""	""	""	"753027.1085"	"1125642.168"	"3950403.323"	"-1831752.26"	"7921933.77"	"158108.6314"	"1746712"	""	""
"St. Kitts and Nevis"	"KNA"	"Foreign direct investment net (BoP current US$)"	"BN.KLT.DINV.CD"	""	""	""	""	""	""	""	""	""	""	""	""	""	""	""	""	""	""	""	""	""	""	""	""	""	""	""	""	""	""	""	""	""	""	""	""	""	""	""	""	""	""	""	""	""	"-92994488.89"	"-110415630.4"	"-134484438.1"	"-177906026.7"	"-130750839.3"	"-116268480"	"-109632707"	"-92419222.22"	"-110789970.4"	""
"Korea Rep."	"KOR"	"Foreign direct investment net (BoP current US$)"	"BN.KLT.DINV.CD"	""	""	""	""	""	""	""	""	""	""	""	""	""	""	""	""	""	""	""	""	""	""	""	""	""	""	""	""	""	""	""	""	""	""	""	""	""	""	""	""	""	""	""	""	""	"-5313200000"	"3607400000"	"13247400000"	"8445100000"	"8414000000"	"18782500000"	"19931700000"	"21136200000"	"16951500000"	""
"Kosovo"	""	"Foreign direct investment net (BoP current US$)"	"BN.KLT.DINV.CD"	""	""	""	""	""	""	""	""	""	""	""	""	""	""	""	""	""	""	""	""	""	""	""	""	""	""	""	""	""	""	""	""	""	""	""	""	""	""	""	""	""	""	""	""	""	"-133823510.2"	"-362788808.6"	"-589951178.1"	"-500230651.8"	"-393488927.4"	"-454181771.5"	"-539305295.3"	"-272977856.1"	"-319350167.1"	""
"Kuwait"	"KWT"	"Foreign direct investment net (BoP current US$)"	"BN.KLT.DINV.CD"	""	""	""	""	""	""	""	""	""	""	""	""	""	""	""	""	""	""	""	""	""	""	""	""	""	""	""	""	""	""	""	""	""	""	""	""	""	""	""	""	""	""	""	""	""	"4907876712"	"8089222334"	"9672642456"	"9096510277"	"7468230975"	"4585217036"	"7513857099"	"21636610036"	"7827267930"	""
"Latin America & Caribbean (developing only)"	"LAC"	"Foreign direct investment net (BoP current US$)"	"BN.KLT.DINV.CD"	""	""	""	""	""	""	""	""	""	""	""	""	""	""	""	""	""	""	""	""	""	""	""	""	""	""	""	""	""	""	""	""	""	""	""	""	""	""	""	""	""	""	""	""	""	""	""	""	""	""	""	""	""	""	""
"Lao PDR"	"LAO"	"Foreign direct investment net (BoP current US$)"	"BN.KLT.DINV.CD"	""	""	""	""	""	""	""	""	""	""	""	""	""	""	""	""	""	""	""	""	""	""	""	""	""	""	""	""	""	""	""	""	""	""	""	""	""	""	""	""	""	""	""	""	""	"-27720000"	"-187310641"	"-323520000"	"-227770000"	"-318598209.1"	"-278805903.1"	"-300743507.1"	"-294375016"	"-426667686.2"	""
"Lebanon"	"LBN"	"Foreign direct investment net (BoP current US$)"	"BN.KLT.DINV.CD"	""	""	""	""	""	""	""	""	""	""	""	""	""	""	""	""	""	""	""	""	""	""	""	""	""	""	""	""	""	""	""	""	""	""	""	""	""	""	""	""	""	""	""	""	""	"-1908003612"	"-1799882372"	"-2527890758"	"-3346465470"	"-3677830199"	"-3793230222"	"-2735876878"	"-2966420160"	"-1834889630"	""
"Liberia"	"LBR"	"Foreign direct investment net (BoP current US$)"	"BN.KLT.DINV.CD"	""	""	""	""	""	""	""	""	""	""	""	""	""	""	""	""	""	""	""	""	""	""	""	""	""	""	""	""	""	""	""	""	""	""	""	""	""	""	""	""	""	""	""	""	""	"-82802111.44"	"-107856671.5"	"-131637661.6"	"-394536077.4"	"-217803415.7"	"-452342327.6"	"-1312748380"	"-646600000"	"-700267800"	""
"Libya"	"LBY"	"Foreign direct investment net (BoP current US$)"	"BN.KLT.DINV.CD"	""	""	""	""	""	""	""	""	""	""	""	""	""	""	""	""	""	""	""	""	""	""	""	""	""	""	""	""	""	""	""	""	""	""	""	""	""	""	""	""	""	""	""	""	""	"-910000000"	"-1590000000"	"-756200000"	"1776900000"	"-206000000"	"938000000"	"131000000"	"2508800000"	"881800000"	""
"St. Lucia"	"LCA"	"Foreign direct investment net (BoP current US$)"	"BN.KLT.DINV.CD"	""	""	""	""	""	""	""	""	""	""	""	""	""	""	""	""	""	""	""	""	""	""	""	""	""	""	""	""	""	""	""	""	""	""	""	""	""	""	""	""	""	""	""	""	""	"-78233429.63"	"-233934733.3"	"-271891074.1"	"-161210706.3"	"-146397591.1"	"-121296972.6"	"-80860872.22"	"-75759324.81"	"-83515042.22"	""
"Latin America & Caribbean (all income levels)"	"LCN"	"Foreign direct investment net (BoP current US$)"	"BN.KLT.DINV.CD"	""	""	""	""	""	""	""	""	""	""	""	""	""	""	""	""	""	""	""	""	""	""	""	""	""	""	""	""	""	""	""	""	""	""	""	""	""	""	""	""	""	""	""	""	""	""	""	""	""	""	""	""	""	""	""
"Least developed countries: UN classification"	"LDC"	"Foreign direct investment net (BoP current US$)"	"BN.KLT.DINV.CD"	""	""	""	""	""	""	""	""	""	""	""	""	""	""	""	""	""	""	""	""	""	""	""	""	""	""	""	""	""	""	""	""	""	""	""	""	""	""	""	""	""	""	""	""	""	""	""	""	""	""	""	""	""	""	""
"Low income"	"LIC"	"Foreign direct investment net (BoP current US$)"	"BN.KLT.DINV.CD"	""	""	""	""	""	""	""	""	""	""	""	""	""	""	""	""	""	""	""	""	""	""	""	""	""	""	""	""	""	""	""	""	""	""	""	""	""	""	""	""	""	""	""	""	""	""	""	""	""	""	""	""	""	""	""
"Liechtenstein"	"LIE"	"Foreign direct investment net (BoP current US$)"	"BN.KLT.DINV.CD"	""	""	""	""	""	""	""	""	""	""	""	""	""	""	""	""	""	""	""	""	""	""	""	""	""	""	""	""	""	""	""	""	""	""	""	""	""	""	""	""	""	""	""	""	""	""	""	""	""	""	""	""	""	""	""
"Sri Lanka"	"LKA"	"Foreign direct investment net (BoP current US$)"	"BN.KLT.DINV.CD"	""	""	""	""	""	""	""	""	""	""	""	""	""	""	""	""	""	""	""	""	""	""	""	""	""	""	""	""	""	""	""	""	""	""	""	""	""	""	""	""	""	""	""	""	""	"-234000000"	"-450400000"	"-548000000"	"-690500000"	"-384000000"	"-435059000"	"-895920000"	"-877190942.7"	"-850497473.3"	""
"Lower middle income"	"LMC"	"Foreign direct investment net (BoP current US$)"	"BN.KLT.DINV.CD"	""	""	""	""	""	""	""	""	""	""	""	""	""	""	""	""	""	""	""	""	""	""	""	""	""	""	""	""	""	""	""	""	""	""	""	""	""	""	""	""	""	""	""	""	""	""	""	""	""	""	""	""	""	""	""
"Low & middle income"	"LMY"	"Foreign direct investment net (BoP current US$)"	"BN.KLT.DINV.CD"	""	""	""	""	""	""	""	""	""	""	""	""	""	""	""	""	""	""	""	""	""	""	""	""	""	""	""	""	""	""	""	""	""	""	""	""	""	""	""	""	""	""	""	""	""	""	""	""	""	""	""	""	""	""	""
"Lesotho"	"LSO"	"Foreign direct investment net (BoP current US$)"	"BN.KLT.DINV.CD"	""	""	""	""	""	""	""	""	""	""	""	""	""	""	""	""	""	""	""	""	""	""	""	""	""	""	""	""	""	""	""	""	""	""	""	""	""	""	""	""	""	""	""	""	""	"-71201878.22"	"-55125036.17"	"-104383995.6"	"-194034813.4"	"-174738061.9"	"-174312655.1"	"-196649281.1"	"-53483576.95"	"-27710708.33"	""
"Lithuania"	"LTU"	"Foreign direct investment net (BoP current US$)"	"BN.KLT.DINV.CD"	""	""	""	""	""	""	""	""	""	""	""	""	""	""	""	""	""	""	""	""	""	""	""	""	""	""	""	""	""	""	""	""	""	""	""	""	""	""	""	""	""	""	""	""	""	"-688826070"	"-1550638865"	"-1408647110"	"-1637511213"	"233702932.1"	"-805422840.1"	"-1053197897"	"-299124512.4"	"-431505485.6"	""
"Luxembourg"	"LUX"	"Foreign direct investment net (BoP current US$)"	"BN.KLT.DINV.CD"	""	""	""	""	""	""	""	""	""	""	""	""	""	""	""	""	""	""	""	""	""	""	""	""	""	""	""	""	""	""	""	""	""	""	""	""	""	""	""	""	""	""	""	""	""	"8220270914"	"-14317755769"	"75465150647"	"27735834273"	"24188315123"	"-17649713638"	"-38622633340"	"-39027240496"	"-3043434468"	""
"Latvia"	"LVA"	"Foreign direct investment net (BoP current US$)"	"BN.KLT.DINV.CD"	""	""	""	""	""	""	""	""	""	""	""	""	""	""	""	""	""	""	""	""	""	""	""	""	""	""	""	""	""	""	""	""	""	""	""	""	""	""	""	""	""	""	""	""	""	"-585300000"	"-1491400000"	"-1945000000"	"-1092000000"	"-150200000"	"-351200000"	"-1395400000"	"-914800000"	"-468500000"	""
"Macao SAR China"	"MAC"	"Foreign direct investment net (BoP current US$)"	"BN.KLT.DINV.CD"	""	""	""	""	""	""	""	""	""	""	""	""	""	""	""	""	""	""	""	""	""	""	""	""	""	""	""	""	""	""	""	""	""	""	""	""	""	""	""	""	""	""	""	""	""	"-1709742676"	"-2258215301"	"-5055542376"	"-3137936046"	"-180747593.7"	"-3931201355"	"-1436850830"	"-2849043854"	"-2609951495"	""
"St. Martin (French part)"	"MAF"	"Foreign direct investment net (BoP current US$)"	"BN.KLT.DINV.CD"	""	""	""	""	""	""	""	""	""	""	""	""	""	""	""	""	""	""	""	""	""	""	""	""	""	""	""	""	""	""	""	""	""	""	""	""	""	""	""	""	""	""	""	""	""	""	""	""	""	""	""	""	""	""	""
"Morocco"	"MAR"	"Foreign direct investment net (BoP current US$)"	"BN.KLT.DINV.CD"	""	""	""	""	""	""	""	""	""	""	""	""	""	""	""	""	""	""	""	""	""	""	""	""	""	""	""	""	""	""	""	""	""	""	""	""	""	""	""	""	""	""	""	""	""	"-1596494478"	"-2009915950"	"-2193821740"	"-2150359075"	"-1491300236"	"-660648391.1"	"-2273339953"	"-2482391451"	"-2916210628"	""
"Monaco"	"MCO"	"Foreign direct investment net (BoP current US$)"	"BN.KLT.DINV.CD"	""	""	""	""	""	""	""	""	""	""	""	""	""	""	""	""	""	""	""	""	""	""	""	""	""	""	""	""	""	""	""	""	""	""	""	""	""	""	""	""	""	""	""	""	""	""	""	""	""	""	""	""	""	""	""
"Moldova"	"MDA"	"Foreign direct investment net (BoP current US$)"	"BN.KLT.DINV.CD"	""	""	""	""	""	""	""	""	""	""	""	""	""	""	""	""	""	""	""	""	""	""	""	""	""	""	""	""	""	""	""	""	""	""	""	""	""	""	""	""	""	""	""	""	""	"-190860000"	"-259400000"	"-523900000"	"-695380000"	"-138570000"	"-204390000"	"-267640000"	"-175290000"	"-207420000"	""
"Madagascar"	"MDG"	"Foreign direct investment net (BoP current US$)"	"BN.KLT.DINV.CD"	""	""	""	""	""	""	""	""	""	""	""	""	""	""	""	""	""	""	""	""	""	""	""	""	""	""	""	""	""	""	""	""	""	""	""	""	""	""	""	""	""	""	""	""	""	"-85444105"	""	""	""	""	""	""	""	""	""
"Maldives"	"MDV"	"Foreign direct investment net (BoP current US$)"	"BN.KLT.DINV.CD"	""	""	""	""	""	""	""	""	""	""	""	""	""	""	""	""	""	""	""	""	""	""	""	""	""	""	""	""	""	""	""	""	""	""	""	""	""	""	""	""	""	""	""	""	""	"-52991121.06"	"-63826812.89"	"-132432080.8"	"-181255431.8"	"-157963586.8"	"-216468945.7"	"-423530664"	"-227976866.7"	"-360816336.2"	""
"Middle East & North Africa (all income levels)"	"MEA"	"Foreign direct investment net (BoP current US$)"	"BN.KLT.DINV.CD"	""	""	""	""	""	""	""	""	""	""	""	""	""	""	""	""	""	""	""	""	""	""	""	""	""	""	""	""	""	""	""	""	""	""	""	""	""	""	""	""	""	""	""	""	""	""	""	""	""	""	""	""	""	""	""
"Mexico"	"MEX"	"Foreign direct investment net (BoP current US$)"	"BN.KLT.DINV.CD"	""	""	""	""	""	""	""	""	""	""	""	""	""	""	""	""	""	""	""	""	""	""	""	""	""	""	""	""	""	""	""	""	""	""	""	""	""	""	""	""	""	""	""	""	""	"-18266696749"	"-15130144240"	"-24083326330"	"-27420906150"	"-7898886660"	"-8441670480"	"-11083961280"	"4660105200"	"-25967880990"	""
"Marshall Islands"	"MHL"	"Foreign direct investment net (BoP current US$)"	"BN.KLT.DINV.CD"	""	""	""	""	""	""	""	""	""	""	""	""	""	""	""	""	""	""	""	""	""	""	""	""	""	""	""	""	""	""	""	""	""	""	""	""	""	""	""	""	""	""	""	""	""	""	""	""	""	""	""	""	""	""	""
"Middle income"	"MIC"	"Foreign direct investment net (BoP current US$)"	"BN.KLT.DINV.CD"	""	""	""	""	""	""	""	""	""	""	""	""	""	""	""	""	""	""	""	""	""	""	""	""	""	""	""	""	""	""	""	""	""	""	""	""	""	""	""	""	""	""	""	""	""	""	""	""	""	""	""	""	""	""	""
"Macedonia FYR"	"MKD"	"Foreign direct investment net (BoP current US$)"	"BN.KLT.DINV.CD"	""	""	""	""	""	""	""	""	""	""	""	""	""	""	""	""	""	""	""	""	""	""	""	""	""	""	""	""	""	""	""	""	""	""	""	""	""	""	""	""	""	""	""	""	""	"-94231130.45"	"-423961768.9"	"-700150747.7"	"-600501725.1"	"-185527828.1"	"-206856816.1"	"-473912886.8"	"-147650728.3"	"-373387798.3"	""
"Mali"	"MLI"	"Foreign direct investment net (BoP current US$)"	"BN.KLT.DINV.CD"	""	""	""	""	""	""	""	""	""	""	""	""	""	""	""	""	""	""	""	""	""	""	""	""	""	""	""	""	""	""	""	""	""	""	""	""	""	""	""	""	""	""	""	""	""	"-224847702.4"	"-70225080.42"	"-65475015.46"	"-179698650.3"	"-749365254.6"	"-398504254"	"-551709462.1"	""	""	""
"Malta"	"MLT"	"Foreign direct investment net (BoP current US$)"	"BN.KLT.DINV.CD"	""	""	""	""	""	""	""	""	""	""	""	""	""	""	""	""	""	""	""	""	""	""	""	""	""	""	""	""	""	""	""	""	""	""	""	""	""	""	""	""	""	""	""	""	""	"-702979574.9"	"-1814879617"	"-745561452.1"	"-476297378.8"	"-273943526"	"-745365420.2"	"-268263978.4"	"-127871872.6"	"2136010243"	""
"Myanmar"	"MMR"	"Foreign direct investment net (BoP current US$)"	"BN.KLT.DINV.CD"	""	""	""	""	""	""	""	""	""	""	""	""	""	""	""	""	""	""	""	""	""	""	""	""	""	""	""	""	""	""	""	""	""	""	""	""	""	""	""	""	""	""	""	""	""	"-234904379"	"-275812653"	"-709922015.3"	"-863880447.3"	"-1078972201"	"-901133534.9"	"-2519813313"	"-1333856137"	"-2254603972"	""
"Middle East & North Africa (developing only)"	"MNA"	"Foreign direct investment net (BoP current US$)"	"BN.KLT.DINV.CD"	""	""	""	""	""	""	""	""	""	""	""	""	""	""	""	""	""	""	""	""	""	""	""	""	""	""	""	""	""	""	""	""	""	""	""	""	""	""	""	""	""	""	""	""	""	""	""	""	""	""	""	""	""	""	""
"Montenegro"	"MNE"	"Foreign direct investment net (BoP current US$)"	"BN.KLT.DINV.CD"	""	""	""	""	""	""	""	""	""	""	""	""	""	""	""	""	""	""	""	""	""	""	""	""	""	""	""	""	""	""	""	""	""	""	""	""	""	""	""	""	""	""	""	""	""	""	""	"-778246825.4"	"-864854806.7"	"-1503532215"	"-731284343"	"-538285643.9"	"-590511944.2"	"-428841097.8"	""
"Mongolia"	"MNG"	"Foreign direct investment net (BoP current US$)"	"BN.KLT.DINV.CD"	""	""	""	""	""	""	""	""	""	""	""	""	""	""	""	""	""	""	""	""	""	""	""	""	""	""	""	""	""	""	""	""	""	""	""	""	""	""	""	""	""	""	""	""	""	"-184600000"	"-343980000"	"-360003600"	"-838455402.7"	"-569803704"	"-1629695679"	"-4620100533"	"-4407756897"	"-2109433604"	""
"Northern Mariana Islands"	"MNP"	"Foreign direct investment net (BoP current US$)"	"BN.KLT.DINV.CD"	""	""	""	""	""	""	""	""	""	""	""	""	""	""	""	""	""	""	""	""	""	""	""	""	""	""	""	""	""	""	""	""	""	""	""	""	""	""	""	""	""	""	""	""	""	""	""	""	""	""	""	""	""	""	""
"Mozambique"	"MOZ"	"Foreign direct investment net (BoP current US$)"	"BN.KLT.DINV.CD"	""	""	""	""	""	""	""	""	""	""	""	""	""	""	""	""	""	""	""	""	""	""	""	""	""	""	""	""	""	""	""	""	""	""	""	""	""	""	""	""	""	""	""	""	""	"-107853318.8"	"-153323295.2"	"-427673017.8"	"-591603229.5"	"-864780130.4"	"-1019690513"	"-3561424375"	"-5626241536"	"-6175124643"	""
"Mauritania"	"MRT"	"Foreign direct investment net (BoP current US$)"	"BN.KLT.DINV.CD"	""	""	""	""	""	""	""	""	""	""	""	""	""	""	""	""	""	""	""	""	""	""	""	""	""	""	""	""	""	""	""	""	""	""	""	""	""	""	""	""	""	""	""	""	""	""	""	""	""	""	""	""	"-1386098851"	"-1126004760"	""
"Mauritius"	"MUS"	"Foreign direct investment net (BoP current US$)"	"BN.KLT.DINV.CD"	""	""	""	""	""	""	""	""	""	""	""	""	""	""	""	""	""	""	""	""	""	""	""	""	""	""	""	""	""	""	""	""	""	""	""	""	""	""	""	""	""	""	""	""	""	"5187356.496"	"-97167378.02"	"-281189278.6"	"-325298218.5"	"-218842081.5"	"-13843292553"	"988795303.6"	"-5670164539"	"-2189053126"	""
"Malawi"	"MWI"	"Foreign direct investment net (BoP current US$)"	"BN.KLT.DINV.CD"	""	""	""	""	""	""	""	""	""	""	""	""	""	""	""	""	""	""	""	""	""	""	""	""	""	""	""	""	""	""	""	""	""	""	""	""	""	""	""	""	""	""	""	""	""	"-136677210.8"	"-29651277.08"	"-110744578.5"	"-176874037.6"	"-50460877.98"	"-54710016.04"	"-79255424.27"	"-79675004"	""	""
"Malaysia"	"MYS"	"Foreign direct investment net (BoP current US$)"	"BN.KLT.DINV.CD"	""	""	""	""	""	""	""	""	""	""	""	""	""	""	""	""	""	""	""	""	""	""	""	""	""	""	""	""	""	""	""	""	""	""	""	""	""	""	""	""	""	""	""	""	""	"-993682960"	"-53139540.92"	"2744191223"	"7827500376"	"6626128852"	"4464001483"	"2989026889"	"7147825588"	"1416056518"	""
"North America"	"NAC"	"Foreign direct investment net (BoP current US$)"	"BN.KLT.DINV.CD"	""	""	""	""	""	""	""	""	""	""	""	""	""	""	""	""	""	""	""	""	""	""	""	""	""	""	""	""	""	""	""	""	""	""	""	""	""	""	""	""	""	""	""	""	""	""	""	""	""	""	""	""	""	""	""
"Namibia"	"NAM"	"Foreign direct investment net (BoP current US$)"	"BN.KLT.DINV.CD"	""	""	""	""	""	""	""	""	""	""	""	""	""	""	""	""	""	""	""	""	""	""	""	""	""	""	""	""	""	""	""	""	""	""	""	""	""	""	""	""	""	""	""	""	""	"-403096824.5"	"-403545786"	"-718519250.4"	"-742612010.4"	"-509844242.4"	"-793086356.8"	"-868077012.5"	"-1143698688"	"-878060375.5"	""
"New Caledonia"	"NCL"	"Foreign direct investment net (BoP current US$)"	"BN.KLT.DINV.CD"	""	""	""	""	""	""	""	""	""	""	""	""	""	""	""	""	""	""	""	""	""	""	""	""	""	""	""	""	""	""	""	""	""	""	""	""	""	""	""	""	""	""	""	""	""	"37354131.8"	"-718549473.3"	"-410576395.2"	"-1682626855"	"-1123991098"	"-1363104248"	"-1726670431"	"-2389140894"	""	""
"Niger"	"NER"	"Foreign direct investment net (BoP current US$)"	"BN.KLT.DINV.CD"	""	""	""	""	""	""	""	""	""	""	""	""	""	""	""	""	""	""	""	""	""	""	""	""	""	""	""	""	""	""	""	""	""	""	""	""	""	""	""	""	""	""	""	""	""	"-34714892.74"	"-51523254.13"	"-120984808.7"	"-316054798.9"	"-725889350.7"	"-1000054471"	"-1074732821"	"-835113297.6"	""	""
"Nigeria"	"NGA"	"Foreign direct investment net (BoP current US$)"	"BN.KLT.DINV.CD"	""	""	""	""	""	""	""	""	""	""	""	""	""	""	""	""	""	""	""	""	""	""	""	""	""	""	""	""	""	""	""	""	""	""	""	""	""	""	""	""	""	""	""	""	""	"-4967898866"	"-4534794015"	"-5167441548"	"-7145016212"	"-7029701168"	"-5133465521"	"-8025110602"	"-5564172195"	""	""
"Nicaragua"	"NIC"	"Foreign direct investment net (BoP current US$)"	"BN.KLT.DINV.CD"	""	""	""	""	""	""	""	""	""	""	""	""	""	""	""	""	""	""	""	""	""	""	""	""	""	""	""	""	""	""	""	""	""	""	""	""	""	""	""	""	""	""	""	""	""	"-241100000"	"-265800000"	"-366400000"	"-607200000"	"-463300000"	"-490500000"	"-961100000"	"-761300000"	"-741000000"	""
"Netherlands"	"NLD"	"Foreign direct investment net (BoP current US$)"	"BN.KLT.DINV.CD"	""	""	""	""	""	""	""	""	""	""	""	""	""	""	""	""	""	""	""	""	""	""	""	""	""	""	""	""	""	""	""	""	""	""	""	""	""	""	""	""	""	""	""	""	""	"82596600162"	"57029316978"	"-71020676425"	"57553390330"	"-5984846494"	"76993507935"	"18704089045"	"-9897146777"	"9709467374"	""
"High income: nonOECD"	"NOC"	"Foreign direct investment net (BoP current US$)"	"BN.KLT.DINV.CD"	""	""	""	""	""	""	""	""	""	""	""	""	""	""	""	""	""	""	""	""	""	""	""	""	""	""	""	""	""	""	""	""	""	""	""	""	""	""	""	""	""	""	""	""	""	""	""	""	""	""	""	""	""	""	""
"Norway"	"NOR"	"Foreign direct investment net (BoP current US$)"	"BN.KLT.DINV.CD"	""	""	""	""	""	""	""	""	""	""	""	""	""	""	""	""	""	""	""	""	""	""	""	""	""	""	""	""	""	""	""	""	""	""	""	""	""	""	""	""	""	""	""	""	""	"21762818365"	"9936907837"	"825283425.5"	"13304040508"	"18034504910"	"6292096612"	"-256433055"	"3124160458"	"8922488395"	""
"Nepal"	"NPL"	"Foreign direct investment net (BoP current US$)"	"BN.KLT.DINV.CD"	""	""	""	""	""	""	""	""	""	""	""	""	""	""	""	""	""	""	""	""	""	""	""	""	""	""	""	""	""	""	""	""	""	""	""	""	""	""	""	""	""	""	""	""	""	"-2451784.707"	"6647983.904"	"-5741706.053"	"-995123.9307"	"-38176181.11"	"-87799641.89"	"-94022274.7"	"-91996289.68"	"-73630690.34"	""
"New Zealand"	"NZL"	"Foreign direct investment net (BoP current US$)"	"BN.KLT.DINV.CD"	""	""	""	""	""	""	""	""	""	""	""	""	""	""	""	""	""	""	""	""	""	""	""	""	""	""	""	""	""	""	""	""	""	""	""	""	""	""	""	""	""	""	""	""	""	"-2547518164"	"-3312502764"	"-344882071.7"	"-1841056447"	"-2117776852"	"-394749717.8"	"-1456376699"	"-3877665768"	"-1072697748"	""
"High income: OECD"	"OEC"	"Foreign direct investment net (BoP current US$)"	"BN.KLT.DINV.CD"	""	""	""	""	""	""	""	""	""	""	""	""	""	""	""	""	""	""	""	""	""	""	""	""	""	""	""	""	""	""	""	""	""	""	""	""	""	""	""	""	""	""	""	""	""	""	""	""	""	""	""	""	""	""	""
"OECD members"	"OED"	"Foreign direct investment net (BoP current US$)"	"BN.KLT.DINV.CD"	""	""	""	""	""	""	""	""	""	""	""	""	""	""	""	""	""	""	""	""	""	""	""	""	""	""	""	""	""	""	""	""	""	""	""	""	""	""	""	""	""	""	""	""	""	""	""	""	""	""	""	""	""	""	""
"Oman"	"OMN"	"Foreign direct investment net (BoP current US$)"	"BN.KLT.DINV.CD"	""	""	""	""	""	""	""	""	""	""	""	""	""	""	""	""	""	""	""	""	""	""	""	""	""	""	""	""	""	""	""	""	""	""	""	""	""	""	""	""	""	""	""	""	""	"-1304811443"	"-1321456437"	"-3369310793"	"-2367490247"	"-1376592978"	"255656697"	"358371911.6"	"-164369310.8"	"-243036789.1"	""
"Other small states"	"OSS"	"Foreign direct investment net (BoP current US$)"	"BN.KLT.DINV.CD"	""	""	""	""	""	""	""	""	""	""	""	""	""	""	""	""	""	""	""	""	""	""	""	""	""	""	""	""	""	""	""	""	""	""	""	""	""	""	""	""	""	""	""	""	""	""	""	""	""	""	""	""	""	""	""
"Pakistan"	"PAK"	"Foreign direct investment net (BoP current US$)"	"BN.KLT.DINV.CD"	""	""	""	""	""	""	""	""	""	""	""	""	""	""	""	""	""	""	""	""	""	""	""	""	""	""	""	""	""	""	""	""	""	""	""	""	""	""	""	""	""	""	""	""	""	"-2157000000"	"-4164000000"	"-5492000000"	"-5389000000"	"-2267000000"	"-1971000000"	"-1246770000"	"-776940000"	"-1070000000"	""
"Panama"	"PAN"	"Foreign direct investment net (BoP current US$)"	"BN.KLT.DINV.CD"	""	""	""	""	""	""	""	""	""	""	""	""	""	""	""	""	""	""	""	""	""	""	""	""	""	""	""	""	""	""	""	""	""	""	""	""	""	""	""	""	""	""	""	""	""	"-917600000"	"-2557100000"	"-1776500000"	"-2207100000"	"-1259300000"	"-2406500000"	"-2977000000"	"-3335900000"	"-4372700000"	""
"Peru"	"PER"	"Foreign direct investment net (BoP current US$)"	"BN.KLT.DINV.CD"	""	""	""	""	""	""	""	""	""	""	""	""	""	""	""	""	""	""	""	""	""	""	""	""	""	""	""	""	""	""	""	""	""	""	""	""	""	""	""	""	""	""	""	""	""	"-2578719365"	"-3466531061"	"-5425384335"	"-6187851655"	"-6019939961"	"-8188742278"	"-7517744764"	"-11840065374"	"-9160949237"	""
"Philippines"	"PHL"	"Foreign direct investment net (BoP current US$)"	"BN.KLT.DINV.CD"	""	""	""	""	""	""	""	""	""	""	""	""	""	""	""	""	""	""	""	""	""	""	""	""	""	""	""	""	""	""	""	""	""	""	""	""	""	""	""	""	""	""	""	""	""	"-869882703.3"	"-1639102233"	"2453941126"	"630006878"	"-167490840.2"	"1641779592"	"342490414.4"	"957805177.3"	"150434922.6"	""
"Palau"	"PLW"	"Foreign direct investment net (BoP current US$)"	"BN.KLT.DINV.CD"	""	""	""	""	""	""	""	""	""	""	""	""	""	""	""	""	""	""	""	""	""	""	""	""	""	""	""	""	""	""	""	""	""	""	""	""	""	""	""	""	""	""	""	""	""	""	""	""	""	""	""	""	""	""	""
"Papua New Guinea"	"PNG"	"Foreign direct investment net (BoP current US$)"	"BN.KLT.DINV.CD"	""	""	""	""	""	""	""	""	""	""	""	""	""	""	""	""	""	""	""	""	""	""	""	""	""	""	""	""	""	""	""	""	""	""	""	""	""	""	""	""	""	""	""	""	""	"-31818696.74"	"-11777272.97"	"-94558953.92"	"30591591.76"	"-418816685.9"	"-28720688.24"	"309831004.1"	"63782355.93"	""	""
"Poland"	"POL"	"Foreign direct investment net (BoP current US$)"	"BN.KLT.DINV.CD"	""	""	""	""	""	""	""	""	""	""	""	""	""	""	""	""	""	""	""	""	""	""	""	""	""	""	""	""	""	""	""	""	""	""	""	""	""	""	""	""	""	""	""	""	""	"-6917000000"	"-10708000000"	"-17987000000"	"-10365000000"	"-8460000000"	"-6861000000"	"-12410000000"	"-5313000000"	"300000000"	""
"Puerto Rico"	"PRI"	"Foreign direct investment net (BoP current US$)"	"BN.KLT.DINV.CD"	""	""	""	""	""	""	""	""	""	""	""	""	""	""	""	""	""	""	""	""	""	""	""	""	""	""	""	""	""	""	""	""	""	""	""	""	""	""	""	""	""	""	""	""	""	""	""	""	""	""	""	""	""	""	""
"Korea Dem. Rep."	"PRK"	"Foreign direct investment net (BoP current US$)"	"BN.KLT.DINV.CD"	""	""	""	""	""	""	""	""	""	""	""	""	""	""	""	""	""	""	""	""	""	""	""	""	""	""	""	""	""	""	""	""	""	""	""	""	""	""	""	""	""	""	""	""	""	""	""	""	""	""	""	""	""	""	""
"Portugal"	"PRT"	"Foreign direct investment net (BoP current US$)"	"BN.KLT.DINV.CD"	""	""	""	""	""	""	""	""	""	""	""	""	""	""	""	""	""	""	""	""	""	""	""	""	""	""	""	""	""	""	""	""	""	""	""	""	""	""	""	""	""	""	""	""	""	"-1806324470"	"-3793968896"	"2495036054"	"-1906802943"	"-1935661637"	"-9962592948"	"3646376847"	"-8376944039"	"-1745316950"	""
"Paraguay"	"PRY"	"Foreign direct investment net (BoP current US$)"	"BN.KLT.DINV.CD"	""	""	""	""	""	""	""	""	""	""	""	""	""	""	""	""	""	""	""	""	""	""	""	""	""	""	""	""	""	""	""	""	""	""	""	""	""	""	""	""	""	""	""	""	""	"-35500000"	"-114200000"	"-202300000"	"-208700000"	"-94700000"	"-215900000"	"-556966666.7"	"-479500000"	"-382400000"	""
"Pacific island small states"	"PSS"	"Foreign direct investment net (BoP current US$)"	"BN.KLT.DINV.CD"	""	""	""	""	""	""	""	""	""	""	""	""	""	""	""	""	""	""	""	""	""	""	""	""	""	""	""	""	""	""	""	""	""	""	""	""	""	""	""	""	""	""	""	""	""	""	""	""	""	""	""	""	""	""	""
"French Polynesia"	"PYF"	"Foreign direct investment net (BoP current US$)"	"BN.KLT.DINV.CD"	""	""	""	""	""	""	""	""	""	""	""	""	""	""	""	""	""	""	""	""	""	""	""	""	""	""	""	""	""	""	""	""	""	""	""	""	""	""	""	""	""	""	""	""	""	"7936329.8"	"-20436347.01"	"-44558253.07"	"16083960.62"	"-14049750.89"	"-26500382.52"	"-110857932.3"	"-107153009"	""	""
"Qatar"	"QAT"	"Foreign direct investment net (BoP current US$)"	"BN.KLT.DINV.CD"	""	""	""	""	""	""	""	""	""	""	""	""	""	""	""	""	""	""	""	""	""	""	""	""	""	""	""	""	""	""	""	""	""	""	""	""	""	""	""	""	""	""	""	""	""	""	""	""	""	""	""	"6114324725"	"1513076923"	"8861813187"	""
"Romania"	"ROU"	"Foreign direct investment net (BoP current US$)"	"BN.KLT.DINV.CD"	""	""	""	""	""	""	""	""	""	""	""	""	""	""	""	""	""	""	""	""	""	""	""	""	""	""	""	""	""	""	""	""	""	""	""	""	""	""	""	""	""	""	""	""	""	"-6512280000"	"-10971010000"	"-9647000000"	"-13606000000"	"-4934000000"	"-2963000000"	"-2557000000"	"-2861000000"	"-4171000000"	""
"Russian Federation"	"RUS"	"Foreign direct investment net (BoP current US$)"	"BN.KLT.DINV.CD"	""	""	""	""	""	""	""	""	""	""	""	""	""	""	""	""	""	""	""	""	""	""	""	""	""	""	""	""	""	""	""	""	""	""	""	""	""	""	""	""	""	""	""	""	""	"2371592100"	"-7601616300"	"-11072469700"	"-19120293800"	"6697423500"	"9448494300"	"11767158100"	"-1765133300"	"16057848940"	""
"Rwanda"	"RWA"	"Foreign direct investment net (BoP current US$)"	"BN.KLT.DINV.CD"	""	""	""	""	""	""	""	""	""	""	""	""	""	""	""	""	""	""	""	""	""	""	""	""	""	""	""	""	""	""	""	""	""	""	""	""	""	""	""	""	""	""	""	""	""	"-7960000"	"-30643966.47"	"-82283165.86"	"-103346051.9"	"-118670000"	"-42332000"	"-106210000"	"-159814904.8"	"-110780484"	""
"South Asia"	"SAS"	"Foreign direct investment net (BoP current US$)"	"BN.KLT.DINV.CD"	""	""	""	""	""	""	""	""	""	""	""	""	""	""	""	""	""	""	""	""	""	""	""	""	""	""	""	""	""	""	""	""	""	""	""	""	""	""	""	""	""	""	""	""	""	""	""	""	""	""	""	""	""	""	""
"Saudi Arabia"	"SAU"	"Foreign direct investment net (BoP current US$)"	"BN.KLT.DINV.CD"	""	""	""	""	""	""	""	""	""	""	""	""	""	""	""	""	""	""	""	""	""	""	""	""	""	""	""	""	""	""	""	""	""	""	""	""	""	""	""	""	""	""	""	""	""	"-12456888691"	"-18356208278"	"-24468633460"	"-35958243929"	"-34280396667"	"-25325858000"	"-12878361333"	"-7780825000"	"-4354400000"	""
"Sudan"	"SDN"	"Foreign direct investment net (BoP current US$)"	"BN.KLT.DINV.CD"	""	""	""	""	""	""	""	""	""	""	""	""	""	""	""	""	""	""	""	""	""	""	""	""	""	""	""	""	""	""	""	""	""	""	""	""	""	""	""	""	""	""	""	""	""	"-1561689997"	"-1841833814"	"-1504379838"	"-1653120315"	"-1726298403"	"-2063730998"	"-2313694286"	"-2312858424"	"-2179116544"	""
"Senegal"	"SEN"	"Foreign direct investment net (BoP current US$)"	"BN.KLT.DINV.CD"	""	""	""	""	""	""	""	""	""	""	""	""	""	""	""	""	""	""	""	""	""	""	""	""	""	""	""	""	""	""	""	""	""	""	""	""	""	""	""	""	""	""	""	""	""	"-52306476.47"	"-210426623.1"	"-272729103.6"	"-271367963"	"-242912600.9"	"-263880604.8"	"-290760442.2"	""	""	""
"Singapore"	"SGP"	"Foreign direct investment net (BoP current US$)"	"BN.KLT.DINV.CD"	""	""	""	""	""	""	""	""	""	""	""	""	""	""	""	""	""	""	""	""	""	""	""	""	""	""	""	""	""	""	""	""	""	""	""	""	""	""	""	""	""	""	""	""	""	"-6502052545"	"-18285978015"	"-10836097100"	"-5395159595"	"2417713597"	"-21698437242"	"-26876171354"	"-47697315371"	"-36805722049"	""
"Solomon Islands"	"SLB"	"Foreign direct investment net (BoP current US$)"	"BN.KLT.DINV.CD"	""	""	""	""	""	""	""	""	""	""	""	""	""	""	""	""	""	""	""	""	""	""	""	""	""	""	""	""	""	""	""	""	""	""	""	""	""	""	""	""	""	""	""	""	""	"-17004371.86"	"-29335978.42"	"-52245323.38"	"-91143366.91"	"-116753322.3"	"-235608044.6"	"-140839630.2"	"-77893143.02"	"-41626455.86"	""
"Sierra Leone"	"SLE"	"Foreign direct investment net (BoP current US$)"	"BN.KLT.DINV.CD"	""	""	""	""	""	""	""	""	""	""	""	""	""	""	""	""	""	""	""	""	""	""	""	""	""	""	""	""	""	""	""	""	""	""	""	""	""	""	""	""	""	""	""	""	""	"-90731669.74"	"-58768035.15"	"-96577832.34"	"-57623740.47"	"-110845502.5"	"-238437429.3"	"-950477689"	"-225488963.9"	"-148428828.6"	""
"El Salvador"	"SLV"	"Foreign direct investment net (BoP current US$)"	"BN.KLT.DINV.CD"	""	""	""	""	""	""	""	""	""	""	""	""	""	""	""	""	""	""	""	""	""	""	""	""	""	""	""	""	""	""	""	""	""	""	""	""	""	""	""	""	""	""	""	""	""	"-398240000"	"-267430000"	"-1455310000"	"-823620000"	"-365770000"	"225565382.1"	"-218429105.5"	"-483603544.1"	"-137157083.6"	""
"San Marino"	"SMR"	"Foreign direct investment net (BoP current US$)"	"BN.KLT.DINV.CD"	""	""	""	""	""	""	""	""	""	""	""	""	""	""	""	""	""	""	""	""	""	""	""	""	""	""	""	""	""	""	""	""	""	""	""	""	""	""	""	""	""	""	""	""	""	""	""	""	""	""	""	""	""	""	""
"Somalia"	"SOM"	"Foreign direct investment net (BoP current US$)"	"BN.KLT.DINV.CD"	""	""	""	""	""	""	""	""	""	""	""	""	""	""	""	""	""	""	""	""	""	""	""	""	""	""	""	""	""	""	""	""	""	""	""	""	""	""	""	""	""	""	""	""	""	""	""	""	""	""	""	""	""	""	""
"Serbia"	"SRB"	"Foreign direct investment net (BoP current US$)"	"BN.KLT.DINV.CD"	""	""	""	""	""	""	""	""	""	""	""	""	""	""	""	""	""	""	""	""	""	""	""	""	""	""	""	""	""	""	""	""	""	""	""	""	""	""	""	""	""	""	""	""	""	""	""	"-2474296473"	"-2714476537"	"-1880754975"	"-1151815649"	"-2532729957"	"-858480141.4"	"-1632683166"	""
"Sub-Saharan Africa (developing only)"	"SSA"	"Foreign direct investment net (BoP current US$)"	"BN.KLT.DINV.CD"	""	""	""	""	""	""	""	""	""	""	""	""	""	""	""	""	""	""	""	""	""	""	""	""	""	""	""	""	""	""	""	""	""	""	""	""	""	""	""	""	""	""	""	""	""	""	""	""	""	""	""	""	""	""	""
"South Sudan"	"SSD"	"Foreign direct investment net (BoP current US$)"	"BN.KLT.DINV.CD"	""	""	""	""	""	""	""	""	""	""	""	""	""	""	""	""	""	""	""	""	""	""	""	""	""	""	""	""	""	""	""	""	""	""	""	""	""	""	""	""	""	""	""	""	""	""	""	""	""	""	""	""	""	""	""
"Sub-Saharan Africa (all income levels)"	"SSF"	"Foreign direct investment net (BoP current US$)"	"BN.KLT.DINV.CD"	""	""	""	""	""	""	""	""	""	""	""	""	""	""	""	""	""	""	""	""	""	""	""	""	""	""	""	""	""	""	""	""	""	""	""	""	""	""	""	""	""	""	""	""	""	""	""	""	""	""	""	""	""	""	""
"Small states"	"SST"	"Foreign direct investment net (BoP current US$)"	"BN.KLT.DINV.CD"	""	""	""	""	""	""	""	""	""	""	""	""	""	""	""	""	""	""	""	""	""	""	""	""	""	""	""	""	""	""	""	""	""	""	""	""	""	""	""	""	""	""	""	""	""	""	""	""	""	""	""	""	""	""	""
"Sao Tome and Principe"	"STP"	"Foreign direct investment net (BoP current US$)"	"BN.KLT.DINV.CD"	""	""	""	""	""	""	""	""	""	""	""	""	""	""	""	""	""	""	""	""	""	""	""	""	""	""	""	""	""	""	""	""	""	""	""	""	""	""	""	""	""	""	""	""	""	"-1111071.08"	"-31877901.33"	"-32905106.86"	"-79048800.06"	"-15349708.02"	"-50544775.6"	"-31855092.12"	"-22182552.65"	"-3947976.147"	""
"Suriname"	"SUR"	"Foreign direct investment net (BoP current US$)"	"BN.KLT.DINV.CD"	""	""	""	""	""	""	""	""	""	""	""	""	""	""	""	""	""	""	""	""	""	""	""	""	""	""	""	""	""	""	""	""	""	""	""	""	""	""	""	""	""	""	""	""	""	"-27900000"	"163400000"	"246700000"	"231400000"	"93400000"	"247700000"	"-72895402.67"	"-127773337.4"	"-138294829"	""
"Slovak Republic"	"SVK"	"Foreign direct investment net (BoP current US$)"	"BN.KLT.DINV.CD"	""	""	""	""	""	""	""	""	""	""	""	""	""	""	""	""	""	""	""	""	""	""	""	""	""	""	""	""	""	""	""	""	""	""	""	""	""	""	""	""	""	""	""	""	""	"-2266463456"	"-3798756919"	"-2960033821"	"-2979922570"	"441861701.7"	"-876896849.8"	"-1597851682"	"-2937346747"	"-1042524593"	""
"Slovenia"	"SVN"	"Foreign direct investment net (BoP current US$)"	"BN.KLT.DINV.CD"	""	""	""	""	""	""	""	""	""	""	""	""	""	""	""	""	""	""	""	""	""	""	""	""	""	""	""	""	""	""	""	""	""	""	""	""	""	""	""	""	""	""	""	""	""	"88500000"	"214483506.1"	"331238039.9"	"-431278193.5"	"910608791.2"	"-564681919.1"	"-890965467.9"	"-211671099.9"	"715727362.7"	""
"Sweden"	"SWE"	"Foreign direct investment net (BoP current US$)"	"BN.KLT.DINV.CD"	""	""	""	""	""	""	""	""	""	""	""	""	""	""	""	""	""	""	""	""	""	""	""	""	""	""	""	""	""	""	""	""	""	""	""	""	""	""	""	""	""	""	""	""	""	"16173020216"	"-652526783.1"	"9255487602"	"-7162889959"	"16444674088"	"21072073483"	"16343266951"	"12724552190"	"25378383691"	""
"Swaziland"	"SWZ"	"Foreign direct investment net (BoP current US$)"	"BN.KLT.DINV.CD"	""	""	""	""	""	""	""	""	""	""	""	""	""	""	""	""	""	""	""	""	""	""	""	""	""	""	""	""	""	""	""	""	""	""	""	""	""	""	""	""	""	""	""	""	""	"23820974.18"	"-121645718.8"	"-14329113.11"	"-113670312.4"	"-58689385.68"	"-131753962"	"-102218688.6"	"-96116749.51"	"-23880385.82"	""
"Sint Maarten (Dutch part)"	"SXM"	"Foreign direct investment net (BoP current US$)"	"BN.KLT.DINV.CD"	""	""	""	""	""	""	""	""	""	""	""	""	""	""	""	""	""	""	""	""	""	""	""	""	""	""	""	""	""	""	""	""	""	""	""	""	""	""	""	""	""	""	""	""	""	""	""	""	""	""	""	""	""	""	""
"Seychelles"	"SYC"	"Foreign direct investment net (BoP current US$)"	"BN.KLT.DINV.CD"	""	""	""	""	""	""	""	""	""	""	""	""	""	""	""	""	""	""	""	""	""	""	""	""	""	""	""	""	""	""	""	""	""	""	""	""	""	""	""	""	""	""	""	""	""	"-78189693.64"	"-137884911.2"	"-158100706.5"	"-166865444.2"	"-162916307.8"	"-153643867.5"	"-135322126.6"	"-157182899.9"	"-169688624.7"	""
"Syrian Arab Republic"	"SYR"	"Foreign direct investment net (BoP current US$)"	"BN.KLT.DINV.CD"	""	""	""	""	""	""	""	""	""	""	""	""	""	""	""	""	""	""	""	""	""	""	""	""	""	""	""	""	""	""	""	""	""	""	""	""	""	""	""	""	""	""	""	""	""	"-500000000"	"-659000000"	"-1241959115"	"-1465623386"	"-2569548272"	"-1469196863"	""	""	""	""
"Turks and Caicos Islands"	"TCA"	"Foreign direct investment net (BoP current US$)"	"BN.KLT.DINV.CD"	""	""	""	""	""	""	""	""	""	""	""	""	""	""	""	""	""	""	""	""	""	""	""	""	""	""	""	""	""	""	""	""	""	""	""	""	""	""	""	""	""	""	""	""	""	""	""	""	""	""	""	""	""	""	""
"Chad"	"TCD"	"Foreign direct investment net (BoP current US$)"	"BN.KLT.DINV.CD"	""	""	""	""	""	""	""	""	""	""	""	""	""	""	""	""	""	""	""	""	""	""	""	""	""	""	""	""	""	""	""	""	""	""	""	""	""	""	""	""	""	""	""	""	""	""	""	""	""	""	""	""	""	""	""
"Togo"	"TGO"	"Foreign direct investment net (BoP current US$)"	"BN.KLT.DINV.CD"	""	""	""	""	""	""	""	""	""	""	""	""	""	""	""	""	""	""	""	""	""	""	""	""	""	""	""	""	""	""	""	""	""	""	""	""	""	""	""	""	""	""	""	""	""	"-91863746.95"	"-91738204.87"	"-49865755.08"	"-39820881.46"	"-11113833.89"	"-48641465.18"	""	""	""	""
"Thailand"	"THA"	"Foreign direct investment net (BoP current US$)"	"BN.KLT.DINV.CD"	""	""	""	""	""	""	""	""	""	""	""	""	""	""	""	""	""	""	""	""	""	""	""	""	""	""	""	""	""	""	""	""	""	""	""	""	""	""	""	""	""	""	""	""	""	"-7554132823"	"-8480341310"	"-8312493362"	"-4445056066"	"-683125957.1"	"-4487865221"	"2772666729"	"2179850393"	"-5915694069"	""
"Tajikistan"	"TJK"	"Foreign direct investment net (BoP current US$)"	"BN.KLT.DINV.CD"	""	""	""	""	""	""	""	""	""	""	""	""	""	""	""	""	""	""	""	""	""	""	""	""	""	""	""	""	""	""	""	""	""	""	""	""	""	""	""	""	""	""	""	""	""	"-54479300"	"-338627400"	"-359967400"	"-375787400"	"-15819400"	"15675300"	"-67496200"	"-198280200"	""	""
"Turkmenistan"	"TKM"	"Foreign direct investment net (BoP current US$)"	"BN.KLT.DINV.CD"	""	""	""	""	""	""	""	""	""	""	""	""	""	""	""	""	""	""	""	""	""	""	""	""	""	""	""	""	""	""	""	""	""	""	""	""	""	""	""	""	""	""	""	""	""	""	""	""	""	""	""	""	""	""	""
"Timor-Leste"	"TLS"	"Foreign direct investment net (BoP current US$)"	"BN.KLT.DINV.CD"	""	""	""	""	""	""	""	""	""	""	""	""	""	""	""	""	""	""	""	""	""	""	""	""	""	""	""	""	""	""	""	""	""	""	""	""	""	""	""	""	""	""	""	""	""	""	"-8478084.462"	"-8695061.688"	"-39697970.75"	"-47954750.66"	"-4332806.77"	"-82058168.54"	"-7402706.203"	"-39009527.66"	""
"Tonga"	"TON"	"Foreign direct investment net (BoP current US$)"	"BN.KLT.DINV.CD"	""	""	""	""	""	""	""	""	""	""	""	""	""	""	""	""	""	""	""	""	""	""	""	""	""	""	""	""	""	""	""	""	""	""	""	""	""	""	""	""	""	""	""	""	""	"-7204705.15"	"-10057726.27"	"-27656859.33"	"-6427602.973"	"-423983.4539"	"-7256290.939"	"-3205865.161"	"-15082.54988"	""	""
"Trinidad and Tobago"	"TTO"	"Foreign direct investment net (BoP current US$)"	"BN.KLT.DINV.CD"	""	""	""	""	""	""	""	""	""	""	""	""	""	""	""	""	""	""	""	""	""	""	""	""	""	""	""	""	""	""	""	""	""	""	""	""	""	""	""	""	""	""	""	""	""	"-598700000"	"-512700000"	"-830000000"	"-2100800000"	"-709100000"	"-549400000"	"-155700000"	""	""	""
"Tunisia"	"TUN"	"Foreign direct investment net (BoP current US$)"	"BN.KLT.DINV.CD"	""	""	""	""	""	""	""	""	""	""	""	""	""	""	""	""	""	""	""	""	""	""	""	""	""	""	""	""	""	""	""	""	""	""	""	""	""	""	""	""	""	""	""	""	""	"-712714847.3"	"-3239909093"	"-1515345044"	"-2600674976"	"-1525244858"	"-1334497695"	"-432666011.6"	"-1554269129"	"-1058622582"	""
"Turkey"	"TUR"	"Foreign direct investment net (BoP current US$)"	"BN.KLT.DINV.CD"	""	""	""	""	""	""	""	""	""	""	""	""	""	""	""	""	""	""	""	""	""	""	""	""	""	""	""	""	""	""	""	""	""	""	""	""	""	""	""	""	""	""	""	""	""	"-8967000000"	"-19261000000"	"-19941000000"	"-17213000000"	"-7076000000"	"-7594000000"	"-13822000000"	"-9148000000"	"-9804000000"	""
"Tuvalu"	"TUV"	"Foreign direct investment net (BoP current US$)"	"BN.KLT.DINV.CD"	""	""	""	""	""	""	""	""	""	""	""	""	""	""	""	""	""	""	""	""	""	""	""	""	""	""	""	""	""	""	""	""	""	""	""	""	""	""	""	""	""	""	""	""	""	""	""	""	""	""	""	""	""	""	""
"Tanzania"	"TZA"	"Foreign direct investment net (BoP current US$)"	"BN.KLT.DINV.CD"	""	""	""	""	""	""	""	""	""	""	""	""	""	""	""	""	""	""	""	""	""	""	""	""	""	""	""	""	""	""	""	""	""	""	""	""	""	""	""	""	""	""	""	""	""	"-935520591.7"	"-403038991.4"	"-581511807"	"-1383260000"	"-952630000"	"-1840053812"	"-1229403285"	"-1799646137"	"-1872392115"	""
"Uganda"	"UGA"	"Foreign direct investment net (BoP current US$)"	"BN.KLT.DINV.CD"	""	""	""	""	""	""	""	""	""	""	""	""	""	""	""	""	""	""	""	""	""	""	""	""	""	""	""	""	""	""	""	""	""	""	""	""	""	""	""	""	""	""	""	""	""	"-379808340.7"	"-644262499.9"	"-792305780.9"	"-728860900.7"	"-841570802.7"	"-539747540.7"	"-895293858"	"-1110508488"	"-1134058346"	""
"Ukraine"	"UKR"	"Foreign direct investment net (BoP current US$)"	"BN.KLT.DINV.CD"	""	""	""	""	""	""	""	""	""	""	""	""	""	""	""	""	""	""	""	""	""	""	""	""	""	""	""	""	""	""	""	""	""	""	""	""	""	""	""	""	""	""	""	""	""	"-7533000000"	"-5737000000"	"-9218000000"	"-9903000000"	"-4654000000"	"-5759000000"	"-7015000000"	"-7195000000"	"-4079000000"	""
"Upper middle income"	"UMC"	"Foreign direct investment net (BoP current US$)"	"BN.KLT.DINV.CD"	""	""	""	""	""	""	""	""	""	""	""	""	""	""	""	""	""	""	""	""	""	""	""	""	""	""	""	""	""	""	""	""	""	""	""	""	""	""	""	""	""	""	""	""	""	""	""	""	""	""	""	""	""	""	""
"Uruguay"	"URY"	"Foreign direct investment net (BoP current US$)"	"BN.KLT.DINV.CD"	""	""	""	""	""	""	""	""	""	""	""	""	""	""	""	""	""	""	""	""	""	""	""	""	""	""	""	""	""	""	""	""	""	""	""	""	""	""	""	""	""	""	""	""	""	"-811140545.6"	"-1494522937"	"-1240075741"	"-2116600571"	"-1512181816"	"-2348781861"	"-2510898656"	"-2689086152"	"-2769487370"	""
"United States"	"USA"	"Foreign direct investment net (BoP current US$)"	"BN.KLT.DINV.CD"	""	""	""	""	""	""	""	""	""	""	""	""	""	""	""	""	""	""	""	""	""	""	""	""	""	""	""	""	""	""	""	""	""	""	""	""	""	""	""	""	""	""	""	""	""	"-76402000000"	"1772000000"	"192876000000"	"18990000000"	"159938000000"	"95231000000"	"182996000000"	"157759000000"	"113274000000"	""
"Uzbekistan"	"UZB"	"Foreign direct investment net (BoP current US$)"	"BN.KLT.DINV.CD"	""	""	""	""	""	""	""	""	""	""	""	""	""	""	""	""	""	""	""	""	""	""	""	""	""	""	""	""	""	""	""	""	""	""	""	""	""	""	""	""	""	""	""	""	""	""	""	""	""	""	""	""	""	""	""
"St. Vincent and the Grenadines"	"VCT"	"Foreign direct investment net (BoP current US$)"	"BN.KLT.DINV.CD"	""	""	""	""	""	""	""	""	""	""	""	""	""	""	""	""	""	""	""	""	""	""	""	""	""	""	""	""	""	""	""	""	""	""	""	""	""	""	""	""	""	""	""	""	""	"-40087092.59"	"-109112344.4"	"-119406900"	"-159243360"	"-110221666.3"	"-97218108.89"	"-85623860.37"	"-115402246.3"	"-126735013"	""
"Venezuela RB"	"VEN"	"Foreign direct investment net (BoP current US$)"	"BN.KLT.DINV.CD"	""	""	""	""	""	""	""	""	""	""	""	""	""	""	""	""	""	""	""	""	""	""	""	""	""	""	""	""	""	""	""	""	""	""	""	""	""	""	""	""	""	""	""	""	""	"-1922000000"	"2032000000"	"-1462000000"	"-143000000"	"4405000000"	"-73000000"	"-4919000000"	"-756000000"	""	""
"Virgin Islands (U.S.)"	"VIR"	"Foreign direct investment net (BoP current US$)"	"BN.KLT.DINV.CD"	""	""	""	""	""	""	""	""	""	""	""	""	""	""	""	""	""	""	""	""	""	""	""	""	""	""	""	""	""	""	""	""	""	""	""	""	""	""	""	""	""	""	""	""	""	""	""	""	""	""	""	""	""	""	""
"Vietnam"	"VNM"	"Foreign direct investment net (BoP current US$)"	"BN.KLT.DINV.CD"	""	""	""	""	""	""	""	""	""	""	""	""	""	""	""	""	""	""	""	""	""	""	""	""	""	""	""	""	""	""	""	""	""	""	""	""	""	""	""	""	""	""	""	""	""	"-1889000000"	"-2315000000"	"-6516000000"	"-9279000000"	"-6900000000"	"-7100000000"	"-6480000000"	"-7168000000"	"-6944000000"	""
"Vanuatu"	"VUT"	"Foreign direct investment net (BoP current US$)"	"BN.KLT.DINV.CD"	""	""	""	""	""	""	""	""	""	""	""	""	""	""	""	""	""	""	""	""	""	""	""	""	""	""	""	""	""	""	""	""	""	""	""	""	""	""	""	""	""	""	""	""	""	"-12482591.3"	"-42715316.3"	"-33521395.03"	"-37208624.3"	"-32090449.59"	"-40385809.51"	"-57123160.41"	"-37195633.84"	"-32478568.14"	""
"West Bank and Gaza"	"PSE"	"Foreign direct investment net (BoP current US$)"	"BN.KLT.DINV.CD"	""	""	""	""	""	""	""	""	""	""	""	""	""	""	""	""	""	""	""	""	""	""	""	""	""	""	""	""	""	""	""	""	""	""	""	""	""	""	""	""	""	""	""	""	""	"-33576554.02"	"106465764.4"	"-36339777.68"	"-59786039.23"	"-315821408.3"	"-102930711.9"	"-605153057.5"	"-145654679"	"-186496643.2"	""
"World"	"WLD"	"Foreign direct investment net (BoP current US$)"	"BN.KLT.DINV.CD"	""	""	""	""	""	""	""	""	""	""	""	""	""	""	""	""	""	""	""	""	""	""	""	""	""	""	""	""	""	""	""	""	""	""	""	""	""	""	""	""	""	""	""	""	""	""	""	""	""	""	""	""	""	""	""
"Samoa"	"WSM"	"Foreign direct investment net (BoP current US$)"	"BN.KLT.DINV.CD"	""	""	""	""	""	""	""	""	""	""	""	""	""	""	""	""	""	""	""	""	""	""	""	""	""	""	""	""	""	""	""	""	""	""	""	""	""	""	""	""	""	""	""	""	""	"-3763664.371"	"-21927671.89"	"-6821727.439"	"-45899093.79"	"-8872914.557"	"-1039671.911"	"-14590673.7"	"-12202363.79"	"-24080841.66"	""
"Yemen Rep."	"YEM"	"Foreign direct investment net (BoP current US$)"	"BN.KLT.DINV.CD"	""	""	""	""	""	""	""	""	""	""	""	""	""	""	""	""	""	""	""	""	""	""	""	""	""	""	""	""	""	""	""	""	""	""	""	""	""	""	""	""	""	""	""	""	""	"302056736.8"	"-1120970000"	"-917300000"	"-1554630000"	"-129200000"	"-188641795.8"	"517842928.5"	"14239188.36"	"133570895.6"	""
"South Africa"	"ZAF"	"Foreign direct investment net (BoP current US$)"	"BN.KLT.DINV.CD"	""	""	""	""	""	""	""	""	""	""	""	""	""	""	""	""	""	""	""	""	""	""	""	""	""	""	""	""	""	""	""	""	""	""	""	""	""	""	""	""	""	""	""	""	""	"-5612683803"	"5305504771"	"-3604679769"	"-12004584138"	"-6313190334"	"-3854564952"	"-4292687424"	"-1727159492"	"-2576571309"	""
"Congo Dem. Rep."	"COD"	"Foreign direct investment net (BoP current US$)"	"BN.KLT.DINV.CD"	""	""	""	""	""	""	""	""	""	""	""	""	""	""	""	""	""	""	""	""	""	""	""	""	""	""	""	""	""	""	""	""	""	""	""	""	""	""	""	""	""	""	""	""	""	"-166600000"	"-237700000"	"-1793700000"	"-1672700000"	"278000000"	"-2735100000"	"-1596024304"	"-2891607809"	"-1697585831"	""
"Zambia"	"ZMB"	"Foreign direct investment net (BoP current US$)"	"BN.KLT.DINV.CD"	""	""	""	""	""	""	""	""	""	""	""	""	""	""	""	""	""	""	""	""	""	""	""	""	""	""	""	""	""	""	""	""	""	""	""	""	""	""	""	""	""	""	""	""	""	"-356940000"	"-615790000"	"-1323900000"	"-938620000"	"-425242000"	"-633900000"	"-1109900000"	"-2433397000"	"-1630364000"	""
"Zimbabwe"	"ZWE"	"Foreign direct investment net (BoP current US$)"	"BN.KLT.DINV.CD"	""	""	""	""	""	""	""	""	""	""	""	""	""	""	""	""	""	""	""	""	""	""	""	""	""	""	""	""	""	""	""	""	""	""	""	""	""	""	""	""	""	""	""	""	""	""	""	""	""	""	""	""	""	""	""
