"Aruba"	"ABW"	"Goods exports (BoP current US$)"	"BX.GSR.MRCH.CD"	""	""	""	""	""	""	""	""	""	""	""	""	""	""	""	""	""	""	""	""	""	""	""	""	""	""	""	""	""	""	""	""	""	""	""	""	""	""	""	""	""	""	""	""	""	"4416215839"	"4717024446"	"5206592179"	"5456592179"	"1951843575"	"264525139.7"	"5180167598"	"1388882682"	"278547486"	""
"Andorra"	"AND"	"Goods exports (BoP current US$)"	"BX.GSR.MRCH.CD"	""	""	""	""	""	""	""	""	""	""	""	""	""	""	""	""	""	""	""	""	""	""	""	""	""	""	""	""	""	""	""	""	""	""	""	""	""	""	""	""	""	""	""	""	""	""	""	""	""	""	""	""	""	""	""
"Afghanistan"	"AFG"	"Goods exports (BoP current US$)"	"BX.GSR.MRCH.CD"	""	""	""	""	""	""	""	""	""	""	""	""	""	""	""	""	""	""	""	""	""	""	""	""	""	""	""	""	""	""	""	""	""	""	""	""	""	""	""	""	""	""	""	""	""	""	""	""	"563187587.5"	"406220602.8"	"453400791.4"	"430713373.8"	"619880622.8"	"620866170.1"	""
"Angola"	"AGO"	"Goods exports (BoP current US$)"	"BX.GSR.MRCH.CD"	""	""	""	""	""	""	""	""	""	""	""	""	""	""	""	""	""	""	""	""	""	""	""	""	""	""	""	""	""	""	""	""	""	""	""	""	""	""	""	""	""	""	""	""	""	"24109411611"	"31862236056"	"44396193769"	"63913941114"	"40827945316"	"50594853215"	"67310283732"	"71093269880"	"68246518071"	""
"Albania"	"ALB"	"Goods exports (BoP current US$)"	"BX.GSR.MRCH.CD"	""	""	""	""	""	""	""	""	""	""	""	""	""	""	""	""	""	""	""	""	""	""	""	""	""	""	""	""	""	""	""	""	""	""	""	""	""	""	""	""	""	""	""	""	""	"194117835.6"	"223619399.4"	"359838412"	"546110870"	"403649370.1"	"736926296.2"	"962077699.9"	"1124326466"	"1411323473"	""
"Arab World"	"ARB"	"Goods exports (BoP current US$)"	"BX.GSR.MRCH.CD"	""	""	""	""	""	""	""	""	""	""	""	""	""	""	""	""	""	""	""	""	""	""	""	""	""	""	""	""	""	""	""	""	""	""	""	""	""	""	""	""	""	""	""	""	""	"558374972656.416"	"668027773187.728"	"764953691971.061"	"1039883353510.03"	"660748419501.42"	"839739699778.024"	"1099257949835.38"	"1233170085267.83"	"1200031298528.12"	""
"United Arab Emirates"	"ARE"	"Goods exports (BoP current US$)"	"BX.GSR.MRCH.CD"	""	""	""	""	""	""	""	""	""	""	""	""	""	""	""	""	""	""	""	""	""	""	""	""	""	""	""	""	""	""	""	""	""	""	""	""	""	""	""	""	""	""	""	""	""	""	""	""	""	""	""	""	""	""	""
"Argentina"	"ARG"	"Goods exports (BoP current US$)"	"BX.GSR.MRCH.CD"	""	""	""	""	""	""	""	""	""	""	""	""	""	""	""	""	""	""	""	""	""	""	""	""	""	""	""	""	""	""	""	""	""	""	""	""	""	""	""	""	""	""	""	""	""	"40434150000"	"46593800000"	"56032420000"	"70148570000"	"55790821963"	"68154138894"	"83995551437"	"80246422915"	"81603256992"	""
"Armenia"	"ARM"	"Goods exports (BoP current US$)"	"BX.GSR.MRCH.CD"	""	""	""	""	""	""	""	""	""	""	""	""	""	""	""	""	""	""	""	""	""	""	""	""	""	""	""	""	""	""	""	""	""	""	""	""	""	""	""	""	""	""	""	""	""	"1028698417"	"1052970724"	"1204225219"	"1106287496"	"773615111"	"1197479193"	"1431559506"	"1515701955"	"1635856170"	""
"American Samoa"	"ASM"	"Goods exports (BoP current US$)"	"BX.GSR.MRCH.CD"	""	""	""	""	""	""	""	""	""	""	""	""	""	""	""	""	""	""	""	""	""	""	""	""	""	""	""	""	""	""	""	""	""	""	""	""	""	""	""	""	""	""	""	""	""	""	""	""	""	""	""	""	""	""	""
"Antigua and Barbuda"	"ATG"	"Goods exports (BoP current US$)"	"BX.GSR.MRCH.CD"	""	""	""	""	""	""	""	""	""	""	""	""	""	""	""	""	""	""	""	""	""	""	""	""	""	""	""	""	""	""	""	""	""	""	""	""	""	""	""	""	""	""	""	""	""	"82670221.48"	"73995931.11"	"59283601.85"	"65385681.11"	"50741039.63"	"45715381.11"	"56150986.3"	"59042074.07"	"64197195.56"	""
"Australia"	"AUS"	"Goods exports (BoP current US$)"	"BX.GSR.MRCH.CD"	""	""	""	""	""	""	""	""	""	""	""	""	""	""	""	""	""	""	""	""	""	""	""	""	""	""	""	""	""	""	""	""	""	""	""	""	""	""	""	""	""	""	""	""	""	"106942000000"	"124641000000"	"142513000000"	"188947000000"	"154778000000"	"213810000000"	"271719000000"	"257950000000"	"254164000000"	""
"Austria"	"AUT"	"Goods exports (BoP current US$)"	"BX.GSR.MRCH.CD"	""	""	""	""	""	""	""	""	""	""	""	""	""	""	""	""	""	""	""	""	""	""	""	""	""	""	""	""	""	""	""	""	""	""	""	""	""	""	""	""	""	""	""	""	""	"114099000000"	"129691000000"	"157132000000"	"173825000000"	"131757000000"	"145518000000"	"169901000000"	"159224000000"	"165071000000"	""
"Azerbaijan"	"AZE"	"Goods exports (BoP current US$)"	"BX.GSR.MRCH.CD"	""	""	""	""	""	""	""	""	""	""	""	""	""	""	""	""	""	""	""	""	""	""	""	""	""	""	""	""	""	""	""	""	""	""	""	""	""	""	""	""	""	""	""	""	""	"7398064000"	"12749075000"	"20899798000"	"30220553000"	"20658360000"	"25741126000"	"33996343000"	"31877133000"	"31781146000"	""
"Burundi"	"BDI"	"Goods exports (BoP current US$)"	"BX.GSR.MRCH.CD"	""	""	""	""	""	""	""	""	""	""	""	""	""	""	""	""	""	""	""	""	""	""	""	""	""	""	""	""	""	""	""	""	""	""	""	""	""	""	""	""	""	""	""	""	""	"60801764.34"	"58676450.91"	"58836291.5"	"69648172.76"	"68414018.28"	"101236293.9"	"123982004.7"	"134698608.2"	"90927035.88"	""
"Belgium"	"BEL"	"Goods exports (BoP current US$)"	"BX.GSR.MRCH.CD"	""	""	""	""	""	""	""	""	""	""	""	""	""	""	""	""	""	""	""	""	""	""	""	""	""	""	""	""	""	""	""	""	""	""	""	""	""	""	""	""	""	""	""	""	""	"228049000000"	"246876000000"	"287771000000"	"320700000000"	"247025000000"	"269425000000"	"322842000000"	"301772000000"	"321029000000"	""
"Benin"	"BEN"	"Goods exports (BoP current US$)"	"BX.GSR.MRCH.CD"	""	""	""	""	""	""	""	""	""	""	""	""	""	""	""	""	""	""	""	""	""	""	""	""	""	""	""	""	""	""	""	""	""	""	""	""	""	""	""	""	""	""	""	""	""	"578113018.1"	"735458546.5"	"1046759380"	"1282182361"	"1224565413"	"1281533308"	"1250806028"	"1442622239"	""	""
"Burkina Faso"	"BFA"	"Goods exports (BoP current US$)"	"BX.GSR.MRCH.CD"	""	""	""	""	""	""	""	""	""	""	""	""	""	""	""	""	""	""	""	""	""	""	""	""	""	""	""	""	""	""	""	""	""	""	""	""	""	""	""	""	""	""	""	""	""	"480859372.2"	"607161991"	"654773106.3"	"857625039.5"	"900168023.3"	"1590976293"	""	""	""	""
"Bangladesh"	"BGD"	"Goods exports (BoP current US$)"	"BX.GSR.MRCH.CD"	""	""	""	""	""	""	""	""	""	""	""	""	""	""	""	""	""	""	""	""	""	""	""	""	""	""	""	""	""	""	""	""	""	""	""	""	""	""	""	""	""	""	""	""	""	"9732374205"	"11543392855"	"13028248268"	"15558163152"	"15477032394"	"21081692868"	"25626286048"	"25428059196"	"28622384819"	""
"Bulgaria"	"BGR"	"Goods exports (BoP current US$)"	"BX.GSR.MRCH.CD"	""	""	""	""	""	""	""	""	""	""	""	""	""	""	""	""	""	""	""	""	""	""	""	""	""	""	""	""	""	""	""	""	""	""	""	""	""	""	""	""	""	""	""	""	""	"11790949973"	"15154046460"	"19533494152"	"22503649095"	"16379999294"	"20583790669"	"28248186219"	"26677735024"	"29519619016"	""
"Bahrain"	"BHR"	"Goods exports (BoP current US$)"	"BX.GSR.MRCH.CD"	""	""	""	""	""	""	""	""	""	""	""	""	""	""	""	""	""	""	""	""	""	""	""	""	""	""	""	""	""	""	""	""	""	""	""	""	""	""	""	""	""	""	""	""	""	"10242021277"	"12200000000"	"13633510638"	"17315691489"	"11873670213"	"13647074468"	"19650265957"	"19768085106"	"20926595745"	""
"Bahamas The"	"BHS"	"Goods exports (BoP current US$)"	"BX.GSR.MRCH.CD"	""	""	""	""	""	""	""	""	""	""	""	""	""	""	""	""	""	""	""	""	""	""	""	""	""	""	""	""	""	""	""	""	""	""	""	""	""	""	""	""	""	""	""	""	""	"549132570"	"703540000"	"801874138.3"	"955822000"	"710680000"	"702435000"	"833539000"	"984017000"	"909301000"	""
"Bosnia and Herzegovina"	"BIH"	"Goods exports (BoP current US$)"	"BX.GSR.MRCH.CD"	""	""	""	""	""	""	""	""	""	""	""	""	""	""	""	""	""	""	""	""	""	""	""	""	""	""	""	""	""	""	""	""	""	""	""	""	""	""	""	""	""	""	""	""	""	"2555319693"	"3381442075"	"1967903911"	"2559701956"	"2298742372"	"2896435919"	"3653344010"	"3306237628"	"3716522691"	""
"Belarus"	"BLR"	"Goods exports (BoP current US$)"	"BX.GSR.MRCH.CD"	""	""	""	""	""	""	""	""	""	""	""	""	""	""	""	""	""	""	""	""	""	""	""	""	""	""	""	""	""	""	""	""	""	""	""	""	""	""	""	""	""	""	""	""	""	"15194000000"	"18895800000"	"23309600000"	"31627400000"	"20595400000"	"24506100000"	"40927600000"	"45574300000"	"36540100000"	""
"Belize"	"BLZ"	"Goods exports (BoP current US$)"	"BX.GSR.MRCH.CD"	""	""	""	""	""	""	""	""	""	""	""	""	""	""	""	""	""	""	""	""	""	""	""	""	""	""	""	""	""	""	""	""	""	""	""	""	""	""	""	""	""	""	""	""	""	"308048780.4"	"408927959.7"	"416264480"	"479973484.8"	"383955784.5"	"475729501.2"	"603581171.1"	"627854152.7"	"608586138.9"	""
"Bermuda"	"BMU"	"Goods exports (BoP current US$)"	"BX.GSR.MRCH.CD"	""	""	""	""	""	""	""	""	""	""	""	""	""	""	""	""	""	""	""	""	""	""	""	""	""	""	""	""	""	""	""	""	""	""	""	""	""	""	""	""	""	""	""	""	""	""	"25450000"	"25315598.7"	"23523951.86"	"28668980.41"	"14684082.32"	"12630185.5"	"11139986.93"	"12686934.28"	""
"Bolivia"	"BOL"	"Goods exports (BoP current US$)"	"BX.GSR.MRCH.CD"	""	""	""	""	""	""	""	""	""	""	""	""	""	""	""	""	""	""	""	""	""	""	""	""	""	""	""	""	""	""	""	""	""	""	""	""	""	""	""	""	""	""	""	""	""	"2622226566"	"3661955401"	"4262826734"	"6271446254"	"4709830000"	"6129300487"	"8174835185"	"11132827855"	"11544426526"	""
"Brazil"	"BRA"	"Goods exports (BoP current US$)"	"BX.GSR.MRCH.CD"	""	""	""	""	""	""	""	""	""	""	""	""	""	""	""	""	""	""	""	""	""	""	""	""	""	""	""	""	""	""	""	""	""	""	""	""	""	""	""	""	""	""	""	""	""	"118029000000"	"137808000000"	"160649000000"	"197942000000"	"152995000000"	"201915000000"	"256040000000"	"242580000000"	"242179000000"	""
"Barbados"	"BRB"	"Goods exports (BoP current US$)"	"BX.GSR.MRCH.CD"	""	""	""	""	""	""	""	""	""	""	""	""	""	""	""	""	""	""	""	""	""	""	""	""	""	""	""	""	""	""	""	""	""	""	""	""	""	""	""	""	""	""	""	""	""	"361480290"	"510075016"	"525464919"	"489419743.5"	"380205856.5"	"430637314.2"	""	""	""	""
"Brunei Darussalam"	"BRN"	"Goods exports (BoP current US$)"	"BX.GSR.MRCH.CD"	""	""	""	""	""	""	""	""	""	""	""	""	""	""	""	""	""	""	""	""	""	""	""	""	""	""	""	""	""	""	""	""	""	""	""	""	""	""	""	""	""	""	""	""	""	"6240958255"	"7626932018"	"7691599164"	"10697696963"	"7171881681"	""	""	"12881838501"	""	""
"Bhutan"	"BTN"	"Goods exports (BoP current US$)"	"BX.GSR.MRCH.CD"	""	""	""	""	""	""	""	""	""	""	""	""	""	""	""	""	""	""	""	""	""	""	""	""	""	""	""	""	""	""	""	""	""	""	""	""	""	""	""	""	""	""	""	""	""	""	"312020438.1"	"576549816.2"	"598869932.4"	"517952252.8"	"521649960.6"	"663687111.9"	"626875426.3"	"544473557.7"	""
"Botswana"	"BWA"	"Goods exports (BoP current US$)"	"BX.GSR.MRCH.CD"	""	""	""	""	""	""	""	""	""	""	""	""	""	""	""	""	""	""	""	""	""	""	""	""	""	""	""	""	""	""	""	""	""	""	""	""	""	""	""	""	""	""	""	""	""	"4443887546"	"4520745964"	"5163035551"	"4798271781"	"3335511919"	"4629687423"	"6446930575"	"6019181951"	"7603250026"	""
"Central African Republic"	"CAF"	"Goods exports (BoP current US$)"	"BX.GSR.MRCH.CD"	""	""	""	""	""	""	""	""	""	""	""	""	""	""	""	""	""	""	""	""	""	""	""	""	""	""	""	""	""	""	""	""	""	""	""	""	""	""	""	""	""	""	""	""	""	""	""	""	""	""	""	""	""	""	""
"Canada"	"CAN"	"Goods exports (BoP current US$)"	"BX.GSR.MRCH.CD"	""	""	""	""	""	""	""	""	""	""	""	""	""	""	""	""	""	""	""	""	""	""	""	""	""	""	""	""	""	""	""	""	""	""	""	""	""	""	""	""	""	""	""	""	""	"370465000000"	"398504000000"	"430472000000"	"460256000000"	"322670000000"	"392338000000"	"461507000000"	"462883000000"	"465498000000"	""
"Central Europe and the Baltics"	"CEB"	"Goods exports (BoP current US$)"	"BX.GSR.MRCH.CD"	""	""	""	""	""	""	""	""	""	""	""	""	""	""	""	""	""	""	""	""	""	""	""	""	""	""	""	""	""	""	""	""	""	""	""	""	""	""	""	""	""	""	""	""	""	"327450054763"	"400022340705"	"514613805341"	"620915566659"	"484249265402"	"565291273915"	"683883315469"	"662910274663"	"708303472740"	""
"Switzerland"	"CHE"	"Goods exports (BoP current US$)"	"BX.GSR.MRCH.CD"	""	""	""	""	""	""	""	""	""	""	""	""	""	""	""	""	""	""	""	""	""	""	""	""	""	""	""	""	""	""	""	""	""	""	""	""	""	""	""	""	""	""	""	""	""	"156024000000"	"174242000000"	"209424000000"	"254446000000"	"219355000000"	"277432000000"	"345596000000"	"332131000000"	"378514000000"	""
"Channel Islands"	"CHI"	"Goods exports (BoP current US$)"	"BX.GSR.MRCH.CD"	""	""	""	""	""	""	""	""	""	""	""	""	""	""	""	""	""	""	""	""	""	""	""	""	""	""	""	""	""	""	""	""	""	""	""	""	""	""	""	""	""	""	""	""	""	""	""	""	""	""	""	""	""	""	""
"Chile"	"CHL"	"Goods exports (BoP current US$)"	"BX.GSR.MRCH.CD"	""	""	""	""	""	""	""	""	""	""	""	""	""	""	""	""	""	""	""	""	""	""	""	""	""	""	""	""	""	""	""	""	""	""	""	""	""	""	""	""	""	""	""	""	""	"41266117619"	"58678306187"	"67971011581"	"66258432057"	"55462671481"	"71108528875"	"81437843854"	"77965379233"	"76684312428"	""
"China"	"CHN"	"Goods exports (BoP current US$)"	"BX.GSR.MRCH.CD"	""	""	""	""	""	""	""	""	""	""	""	""	""	""	""	""	""	""	""	""	""	""	""	""	""	""	""	""	""	""	""	""	""	""	""	""	""	""	""	""	""	""	""	""	""	"681308000000"	"859607000000"	"1107850000000"	"1327580000000"	"1116150000000"	"1476230000000"	"1805900000000"	"1972120000000"	"2147530000000"	""
"Cote d'Ivoire"	"CIV"	"Goods exports (BoP current US$)"	"BX.GSR.MRCH.CD"	""	""	""	""	""	""	""	""	""	""	""	""	""	""	""	""	""	""	""	""	""	""	""	""	""	""	""	""	""	""	""	""	""	""	""	""	""	""	""	""	""	""	""	""	""	"7588994813"	"8362018940"	"8548026199"	"10251437608"	"11167959586"	"11410214346"	""	""	""	""
"Cameroon"	"CMR"	"Goods exports (BoP current US$)"	"BX.GSR.MRCH.CD"	""	""	""	""	""	""	""	""	""	""	""	""	""	""	""	""	""	""	""	""	""	""	""	""	""	""	""	""	""	""	""	""	""	""	""	""	""	""	""	""	""	""	""	""	""	"3265224684"	"3848644224"	"4956047626"	"5841619694"	"4064249720"	"4313262895"	"5652912808"	"5757114154"	"6079795425"	""
"Congo Rep."	"COG"	"Goods exports (BoP current US$)"	"BX.GSR.MRCH.CD"	""	""	""	""	""	""	""	""	""	""	""	""	""	""	""	""	""	""	""	""	""	""	""	""	""	""	""	""	""	""	""	""	""	""	""	""	""	""	""	""	""	""	""	""	""	"4745310279"	"6065710446"	"5808038656"	""	""	""	""	""	""	""
"Colombia"	"COL"	"Goods exports (BoP current US$)"	"BX.GSR.MRCH.CD"	""	""	""	""	""	""	""	""	""	""	""	""	""	""	""	""	""	""	""	""	""	""	""	""	""	""	""	""	""	""	""	""	""	""	""	""	""	""	""	""	""	""	""	""	""	"21708371927"	"25165469607"	"30555912438"	"38475794274"	"33977347462"	"40762001134"	"58262400117"	"61604098892"	"60363709057"	""
"Comoros"	"COM"	"Goods exports (BoP current US$)"	"BX.GSR.MRCH.CD"	""	""	""	""	""	""	""	""	""	""	""	""	""	""	""	""	""	""	""	""	""	""	""	""	""	""	""	""	""	""	""	""	""	""	""	""	""	""	""	""	""	""	""	""	""	"14385695.6"	"13313179.32"	"16494354.02"	"9813943.042"	"18874587.24"	"22575899.8"	"25793565.31"	"19507187.03"	""	""
"Cabo Verde"	"CPV"	"Goods exports (BoP current US$)"	"BX.GSR.MRCH.CD"	""	""	""	""	""	""	""	""	""	""	""	""	""	""	""	""	""	""	""	""	""	""	""	""	""	""	""	""	""	""	""	""	""	""	""	""	""	""	""	""	""	""	""	""	""	"77139149.06"	"85824822.72"	"69677530.02"	"102879317.4"	"80468257.26"	"122743262.6"	"196522048.3"	"173121534.8"	"184170108.3"	""
"Costa Rica"	"CRI"	"Goods exports (BoP current US$)"	"BX.GSR.MRCH.CD"	""	""	""	""	""	""	""	""	""	""	""	""	""	""	""	""	""	""	""	""	""	""	""	""	""	""	""	""	""	""	""	""	""	""	""	""	""	""	""	""	""	""	""	""	""	"3088762417"	"3415833238"	"3860368701"	"4370863804"	"3982666985"	"4457116355"	"4944262350"	"5327094748"	"5125150208"	""
"Caribbean small states"	"CSS"	"Goods exports (BoP current US$)"	"BX.GSR.MRCH.CD"	""	""	""	""	""	""	""	""	""	""	""	""	""	""	""	""	""	""	""	""	""	""	""	""	""	""	""	""	""	""	""	""	""	""	""	""	""	""	""	""	""	""	""	""	""	"14975079802.25"	"19921435852.66"	"19686847329.79"	"26283114733.66"	"14641481581.5"	"17609653800.48"	"22597616138.2922"	""	""	""
"Cuba"	"CUB"	"Goods exports (BoP current US$)"	"BX.GSR.MRCH.CD"	""	""	""	""	""	""	""	""	""	""	""	""	""	""	""	""	""	""	""	""	""	""	""	""	""	""	""	""	""	""	""	""	""	""	""	""	""	""	""	""	""	""	""	""	""	""	""	""	""	""	""	""	""	""	""
"Curacao"	"CUW"	"Goods exports (BoP current US$)"	"BX.GSR.MRCH.CD"	""	""	""	""	""	""	""	""	""	""	""	""	""	""	""	""	""	""	""	""	""	""	""	""	""	""	""	""	""	""	""	""	""	""	""	""	""	""	""	""	""	""	""	""	""	""	""	""	""	""	""	""	""	""	""
"Cayman Islands"	"CYM"	"Goods exports (BoP current US$)"	"BX.GSR.MRCH.CD"	""	""	""	""	""	""	""	""	""	""	""	""	""	""	""	""	""	""	""	""	""	""	""	""	""	""	""	""	""	""	""	""	""	""	""	""	""	""	""	""	""	""	""	""	""	""	""	""	""	""	""	""	""	""	""
"Cyprus"	"CYP"	"Goods exports (BoP current US$)"	"BX.GSR.MRCH.CD"	""	""	""	""	""	""	""	""	""	""	""	""	""	""	""	""	""	""	""	""	""	""	""	""	""	""	""	""	""	""	""	""	""	""	""	""	""	""	""	""	""	""	""	""	""	"2045509063"	"1979079471"	"1986346133"	"2206509104"	"2024718174"	"2281938723"	"2748167067"	"2590615332"	"2522519468"	""
"Czech Republic"	"CZE"	"Goods exports (BoP current US$)"	"BX.GSR.MRCH.CD"	""	""	""	""	""	""	""	""	""	""	""	""	""	""	""	""	""	""	""	""	""	""	""	""	""	""	""	""	""	""	""	""	""	""	""	""	""	""	""	""	""	""	""	""	""	"64535401281"	"78384853459"	"98787404117"	"116322000000"	"93252406996"	"108282000000"	"129415000000"	"127064000000"	"129678000000"	""
"Germany"	"DEU"	"Goods exports (BoP current US$)"	"BX.GSR.MRCH.CD"	""	""	""	""	""	""	""	""	""	""	""	""	""	""	""	""	""	""	""	""	""	""	""	""	""	""	""	""	""	""	""	""	""	""	""	""	""	""	""	""	""	""	""	""	""	"920100000000"	"1057330000000"	"1270940000000"	"1398430000000"	"1074450000000"	"1217090000000"	"1432760000000"	"1380300000000"	"1440130000000"	""
"Djibouti"	"DJI"	"Goods exports (BoP current US$)"	"BX.GSR.MRCH.CD"	""	""	""	""	""	""	""	""	""	""	""	""	""	""	""	""	""	""	""	""	""	""	""	""	""	""	""	""	""	""	""	""	""	""	""	""	""	""	""	""	""	""	""	""	""	"39500115.35"	"55170745.16"	"53116964.23"	"63751610.67"	"71764169.68"	"78662622.88"	"84964635.58"	"111359940.6"	"112721625.5"	""
"Dominica"	"DMA"	"Goods exports (BoP current US$)"	"BX.GSR.MRCH.CD"	""	""	""	""	""	""	""	""	""	""	""	""	""	""	""	""	""	""	""	""	""	""	""	""	""	""	""	""	""	""	""	""	""	""	""	""	""	""	""	""	""	""	""	""	""	"42909028.89"	"44259658.15"	"39018382.59"	"43885135.19"	"36815298.89"	"37243385.56"	"36169574.44"	"38594799.26"	"41033222.22"	""
"Denmark"	"DNK"	"Goods exports (BoP current US$)"	"BX.GSR.MRCH.CD"	""	""	""	""	""	""	""	""	""	""	""	""	""	""	""	""	""	""	""	""	""	""	""	""	""	""	""	""	""	""	""	""	""	""	""	""	""	""	""	""	""	""	""	""	""	"82485529565"	"90732356244"	"100882000000"	"115137000000"	"91108109868"	"95029882498"	"111245000000"	"105450000000"	"109133000000"	""
"Dominican Republic"	"DOM"	"Goods exports (BoP current US$)"	"BX.GSR.MRCH.CD"	""	""	""	""	""	""	""	""	""	""	""	""	""	""	""	""	""	""	""	""	""	""	""	""	""	""	""	""	""	""	""	""	""	""	""	""	""	""	""	""	""	""	""	""	""	"1395100000"	"1931400000"	"2635100000"	"2393400000"	"1689300000"	"6814700000"	"8361600000"	"8935500000"	"9503700000"	""
"Algeria"	"DZA"	"Goods exports (BoP current US$)"	"BX.GSR.MRCH.CD"	""	""	""	""	""	""	""	""	""	""	""	""	""	""	""	""	""	""	""	""	""	""	""	""	""	""	""	""	""	""	""	""	""	""	""	""	""	""	""	""	""	""	""	""	""	"46334000000"	"54740000000"	"60490141391"	"78062556459"	"45174562427"	"57098374720"	"72779523484"	"71558167893"	"64330321924"	""
"East Asia & Pacific (developing only)"	"EAP"	"Goods exports (BoP current US$)"	"BX.GSR.MRCH.CD"	""	""	""	""	""	""	""	""	""	""	""	""	""	""	""	""	""	""	""	""	""	""	""	""	""	""	""	""	""	""	""	""	""	""	""	""	""	""	""	""	""	""	""	""	""	"1085399589763.87"	"1335206523946.95"	"1647990575952.69"	"1954502750208.2"	"1644202714888.36"	"2152143148438.32"	"2611778857601.41"	"2806791425101.13"	"2985745602845.42"	""
"East Asia & Pacific (all income levels)"	"EAS"	"Goods exports (BoP current US$)"	"BX.GSR.MRCH.CD"	""	""	""	""	""	""	""	""	""	""	""	""	""	""	""	""	""	""	""	""	""	""	""	""	""	""	""	""	""	""	""	""	""	""	""	""	""	""	""	""	""	""	""	""	""	"2796359774394.7"	"3251760932151.62"	"3783360432029.04"	"4333680333237.56"	"3553623935349.33"	"4642629145304.96"	"5490536154133.6"	"5700772270782.96"	"5857883110022.84"	""
"Europe & Central Asia (developing only)"	"ECA"	"Goods exports (BoP current US$)"	"BX.GSR.MRCH.CD"	""	""	""	""	""	""	""	""	""	""	""	""	""	""	""	""	""	""	""	""	""	""	""	""	""	""	""	""	""	""	""	""	""	""	""	""	""	""	""	""	""	""	""	""	""	"269766689165.143"	"332013487422.681"	"427625314264.643"	"548515507489.613"	"393021936853.27"	"469351556727.051"	"597770553606.437"	"606895974035.63"	"610294027054.061"	""
"Europe & Central Asia (all income levels)"	"ECS"	"Goods exports (BoP current US$)"	"BX.GSR.MRCH.CD"	""	""	""	""	""	""	""	""	""	""	""	""	""	""	""	""	""	""	""	""	""	""	""	""	""	""	""	""	""	""	""	""	""	""	""	""	""	""	""	""	""	""	""	""	""	"4453028520903.45"	"5113893091918.38"	"6003114755031.92"	"6835042551333.41"	"5200666508536.37"	"5946839826329.59"	"7106833135959.67"	"6904290085387.26"	"7144881535799.83"	""
"Ecuador"	"ECU"	"Goods exports (BoP current US$)"	"BX.GSR.MRCH.CD"	""	""	""	""	""	""	""	""	""	""	""	""	""	""	""	""	""	""	""	""	""	""	""	""	""	""	""	""	""	""	""	""	""	""	""	""	""	""	""	""	""	""	""	""	""	"10461690881"	"13170091670"	"14864155482"	"19454767463"	"14406025924"	"18131092038"	"23076323024"	"24562898323"	"25687204577"	""
"Egypt Arab Rep."	"EGY"	"Goods exports (BoP current US$)"	"BX.GSR.MRCH.CD"	""	""	""	""	""	""	""	""	""	""	""	""	""	""	""	""	""	""	""	""	""	""	""	""	""	""	""	""	""	""	""	""	""	""	""	""	""	""	""	""	""	""	""	""	""	"16073200000"	"20545600000"	"24454600000"	"29849000000"	"23089300000"	"25024200000"	"27913400000"	"26834500000"	""	""
"Euro area"	"EMU"	"Goods exports (BoP current US$)"	"BX.GSR.MRCH.CD"	""	""	""	""	""	""	""	""	""	""	""	""	""	""	""	""	""	""	""	""	""	""	""	""	""	""	""	""	""	""	""	""	""	""	""	""	""	""	""	""	""	""	""	""	""	"2900238813860"	"3270413172326"	"3884009940154"	"4278824263843"	"3324072364270"	"3697246035038"	"4328692167953"	"4146847152124"	"4324914768910"	""
"Eritrea"	"ERI"	"Goods exports (BoP current US$)"	"BX.GSR.MRCH.CD"	""	""	""	""	""	""	""	""	""	""	""	""	""	""	""	""	""	""	""	""	""	""	""	""	""	""	""	""	""	""	""	""	""	""	""	""	""	""	""	""	""	""	""	""	""	""	""	""	""	""	""	""	""	""	""
"Spain"	"ESP"	"Goods exports (BoP current US$)"	"BX.GSR.MRCH.CD"	""	""	""	""	""	""	""	""	""	""	""	""	""	""	""	""	""	""	""	""	""	""	""	""	""	""	""	""	""	""	""	""	""	""	""	""	""	""	""	""	""	""	""	""	""	"193284000000"	"216014000000"	"258401000000"	"278963000000"	"225526000000"	"253697000000"	"303405000000"	"292109000000"	"311405000000"	""
"Estonia"	"EST"	"Goods exports (BoP current US$)"	"BX.GSR.MRCH.CD"	""	""	""	""	""	""	""	""	""	""	""	""	""	""	""	""	""	""	""	""	""	""	""	""	""	""	""	""	""	""	""	""	""	""	""	""	""	""	""	""	""	""	""	""	""	"7160204121"	"8308261508"	"9926326331"	"11340870200"	"7755773096"	"10132160556"	"14231892818"	"14568853541"	"15215803311"	""
"Ethiopia"	"ETH"	"Goods exports (BoP current US$)"	"BX.GSR.MRCH.CD"	""	""	""	""	""	""	""	""	""	""	""	""	""	""	""	""	""	""	""	""	""	""	""	""	""	""	""	""	""	""	""	""	""	""	""	""	""	""	""	""	""	""	""	""	""	"917349757.4"	"1055546060"	"1350794630"	"1718581217"	"1694678621"	"2479500108"	"3029022039"	"3257974059"	""	""
"European Union"	"EUU"	"Goods exports (BoP current US$)"	"BX.GSR.MRCH.CD"	""	""	""	""	""	""	""	""	""	""	""	""	""	""	""	""	""	""	""	""	""	""	""	""	""	""	""	""	""	""	""	""	""	""	""	""	""	""	""	""	""	""	""	""	""	"3763733601174"	"4287631799348"	"5019508588104"	"5559944453147"	"4300870230966"	"4827600144194"	"5665493814089"	"5439505349307"	"5656981016665"	""
"Fragile and conflict affected situations"	"FCS"	"Goods exports (BoP current US$)"	"BX.GSR.MRCH.CD"	""	""	""	""	""	""	""	""	""	""	""	""	""	""	""	""	""	""	""	""	""	""	""	""	""	""	""	""	""	""	""	""	""	""	""	""	""	""	""	""	""	""	""	""	""	"97703652789.2613"	"121257534598.337"	"149854149558.065"	"205050304867.813"	"138712495912.093"	"178818774908.873"	"180556710771.344"	"243719749033.756"	""	""
"Finland"	"FIN"	"Goods exports (BoP current US$)"	"BX.GSR.MRCH.CD"	""	""	""	""	""	""	""	""	""	""	""	""	""	""	""	""	""	""	""	""	""	""	""	""	""	""	""	""	""	""	""	""	""	""	""	""	""	""	""	""	""	""	""	""	""	"70074691256"	"81823041348"	"98194131162"	"104809000000"	"69941349067"	"75064564626"	"82756347792"	"76438205852"	"78558689510"	""
"Fiji"	"FJI"	"Goods exports (BoP current US$)"	"BX.GSR.MRCH.CD"	""	""	""	""	""	""	""	""	""	""	""	""	""	""	""	""	""	""	""	""	""	""	""	""	""	""	""	""	""	""	""	""	""	""	""	""	""	""	""	""	""	""	""	""	""	"680600901.1"	"659178440.3"	"722712155.7"	"902169221.5"	"615635583.3"	"826457020.2"	"1062479987"	"1213299301"	"1047486738"	""
"France"	"FRA"	"Goods exports (BoP current US$)"	"BX.GSR.MRCH.CD"	""	""	""	""	""	""	""	""	""	""	""	""	""	""	""	""	""	""	""	""	""	""	""	""	""	""	""	""	""	""	""	""	""	""	""	""	""	""	""	""	""	""	""	""	""	"436830000000"	"482110000000"	"542891000000"	"600592000000"	"478933000000"	"515837000000"	"592921000000"	"560465000000"	"580843000000"	""
"Faeroe Islands"	"FRO"	"Goods exports (BoP current US$)"	"BX.GSR.MRCH.CD"	""	""	""	""	""	""	""	""	""	""	""	""	""	""	""	""	""	""	""	""	""	""	""	""	""	""	""	""	""	""	""	""	""	""	""	""	""	""	""	""	""	""	""	""	""	"603271415.6"	"650545533.6"	"745177953.9"	"852401883.2"	"765685711.2"	"835113982.8"	"1005991138"	""	""	""
"Micronesia Fed. Sts."	"FSM"	"Goods exports (BoP current US$)"	"BX.GSR.MRCH.CD"	""	""	""	""	""	""	""	""	""	""	""	""	""	""	""	""	""	""	""	""	""	""	""	""	""	""	""	""	""	""	""	""	""	""	""	""	""	""	""	""	""	""	""	""	""	""	""	""	""	""	""	""	""	""	""
"Gabon"	"GAB"	"Goods exports (BoP current US$)"	"BX.GSR.MRCH.CD"	""	""	""	""	""	""	""	""	""	""	""	""	""	""	""	""	""	""	""	""	""	""	""	""	""	""	""	""	""	""	""	""	""	""	""	""	""	""	""	""	""	""	""	""	""	"5456881215"	""	""	""	""	""	""	""	""	""
"United Kingdom"	"GBR"	"Goods exports (BoP current US$)"	"BX.GSR.MRCH.CD"	""	""	""	""	""	""	""	""	""	""	""	""	""	""	""	""	""	""	""	""	""	""	""	""	""	""	""	""	""	""	""	""	""	""	""	""	""	""	""	""	""	""	""	""	""	"384318000000"	"447589000000"	"442279000000"	"468139000000"	"356350000000"	"410891000000"	"479149000000"	"474613000000"	"476617000000"	""
"Georgia"	"GEO"	"Goods exports (BoP current US$)"	"BX.GSR.MRCH.CD"	""	""	""	""	""	""	""	""	""	""	""	""	""	""	""	""	""	""	""	""	""	""	""	""	""	""	""	""	""	""	""	""	""	""	""	""	""	""	""	""	""	""	""	""	""	"1413899873"	"1586400631"	"2055612536"	"2387584323"	"1853711316"	"2393250865"	"3222953097"	"3459098760"	"4190759927"	""
"Ghana"	"GHA"	"Goods exports (BoP current US$)"	"BX.GSR.MRCH.CD"	""	""	""	""	""	""	""	""	""	""	""	""	""	""	""	""	""	""	""	""	""	""	""	""	""	""	""	""	""	""	""	""	""	""	""	""	""	""	""	""	""	""	""	""	""	"2802195812"	"3726674820"	"4172139004"	"5269730513"	"5839700000"	"7960080000"	"12785410000"	"13552300000"	"13751900000"	""
"Guinea"	"GIN"	"Goods exports (BoP current US$)"	"BX.GSR.MRCH.CD"	""	""	""	""	""	""	""	""	""	""	""	""	""	""	""	""	""	""	""	""	""	""	""	""	""	""	""	""	""	""	""	""	""	""	""	""	""	""	""	""	""	""	""	""	""	"842810000"	"1032580000"	"1203200000"	"1342010000"	"1049720000"	"1471170000"	"1428350000"	"1927590000"	"1886250000"	""
"Gambia The"	"GMB"	"Goods exports (BoP current US$)"	"BX.GSR.MRCH.CD"	""	""	""	""	""	""	""	""	""	""	""	""	""	""	""	""	""	""	""	""	""	""	""	""	""	""	""	""	""	""	""	""	""	""	""	""	""	""	""	""	""	""	""	""	""	"104324892.1"	"108864032.6"	"134326682.9"	"205501524.2"	"174206723.2"	"139924085"	"162140063"	"182460751.7"	""	""
"Guinea-Bissau"	"GNB"	"Goods exports (BoP current US$)"	"BX.GSR.MRCH.CD"	""	""	""	""	""	""	""	""	""	""	""	""	""	""	""	""	""	""	""	""	""	""	""	""	""	""	""	""	""	""	""	""	""	""	""	""	""	""	""	""	""	""	""	""	""	"89618682.46"	"74139860.91"	"107040670"	"128131430.6"	"121641030.4"	"126600766.8"	"237992939.1"	"131358394.1"	""	""
"Equatorial Guinea"	"GNQ"	"Goods exports (BoP current US$)"	"BX.GSR.MRCH.CD"	""	""	""	""	""	""	""	""	""	""	""	""	""	""	""	""	""	""	""	""	""	""	""	""	""	""	""	""	""	""	""	""	""	""	""	""	""	""	""	""	""	""	""	""	""	""	""	""	""	""	""	""	""	""	""
"Greece"	"GRC"	"Goods exports (BoP current US$)"	"BX.GSR.MRCH.CD"	""	""	""	""	""	""	""	""	""	""	""	""	""	""	""	""	""	""	""	""	""	""	""	""	""	""	""	""	""	""	""	""	""	""	""	""	""	""	""	""	""	""	""	""	""	"17468864750"	"20130051076"	"23751941163"	"28865690787"	"21062182624"	"22410343354"	"27954406835"	"28088069155"	"29678191717"	""
"Grenada"	"GRD"	"Goods exports (BoP current US$)"	"BX.GSR.MRCH.CD"	""	""	""	""	""	""	""	""	""	""	""	""	""	""	""	""	""	""	""	""	""	""	""	""	""	""	""	""	""	""	""	""	""	""	""	""	""	""	""	""	""	""	""	""	""	"32865137.04"	"32285492.59"	"40732086.67"	"40466671.85"	"35292697.41"	"31126358.52"	"37153500.37"	"42813457.04"	"46520555.56"	""
"Greenland"	"GRL"	"Goods exports (BoP current US$)"	"BX.GSR.MRCH.CD"	""	""	""	""	""	""	""	""	""	""	""	""	""	""	""	""	""	""	""	""	""	""	""	""	""	""	""	""	""	""	""	""	""	""	""	""	""	""	""	""	""	""	""	""	""	""	""	""	""	""	""	""	""	""	""
"Guatemala"	"GTM"	"Goods exports (BoP current US$)"	"BX.GSR.MRCH.CD"	""	""	""	""	""	""	""	""	""	""	""	""	""	""	""	""	""	""	""	""	""	""	""	""	""	""	""	""	""	""	""	""	""	""	""	""	""	""	""	""	""	""	""	""	""	"5459500000"	"6082100000"	"6983200000"	"7846552036"	"7294879325"	"8535579287"	"10518667499"	"10102700006"	"10190344089"	""
"Guam"	"GUM"	"Goods exports (BoP current US$)"	"BX.GSR.MRCH.CD"	""	""	""	""	""	""	""	""	""	""	""	""	""	""	""	""	""	""	""	""	""	""	""	""	""	""	""	""	""	""	""	""	""	""	""	""	""	""	""	""	""	""	""	""	""	""	""	""	""	""	""	""	""	""	""
"Guyana"	"GUY"	"Goods exports (BoP current US$)"	"BX.GSR.MRCH.CD"	""	""	""	""	""	""	""	""	""	""	""	""	""	""	""	""	""	""	""	""	""	""	""	""	""	""	""	""	""	""	""	""	""	""	""	""	""	""	""	""	""	""	""	""	""	"545631000"	"579602000"	"674881000"	"801519876.9"	"768183772.6"	"871193606.3"	"1129076609"	"1415453833"	"1375904292"	""
"High income"	"HIC"	"Goods exports (BoP current US$)"	"BX.GSR.MRCH.CD"	""	""	""	""	""	""	""	""	""	""	""	""	""	""	""	""	""	""	""	""	""	""	""	""	""	""	""	""	""	""	""	""	""	""	""	""	""	""	""	""	""	""	""	""	""	"7746205420123.01"	"8809461128712.47"	"10064288590550.7"	"11364762527241.5"	"8761423340815.81"	"10458542275472.4"	"12406047681293.6"	"12328001791317.8"	"12572296038982.6"	""
"Hong Kong SAR China"	"HKG"	"Goods exports (BoP current US$)"	"BX.GSR.MRCH.CD"	""	""	""	""	""	""	""	""	""	""	""	""	""	""	""	""	""	""	""	""	""	""	""	""	""	""	""	""	""	""	""	""	""	""	""	""	""	""	""	""	""	""	""	""	""	"274879000000"	"303914000000"	"330036000000"	"354231000000"	"316631000000"	"388901000000"	"437661000000"	"468398000000"	"508679000000"	""
"Honduras"	"HND"	"Goods exports (BoP current US$)"	"BX.GSR.MRCH.CD"	""	""	""	""	""	""	""	""	""	""	""	""	""	""	""	""	""	""	""	""	""	""	""	""	""	""	""	""	""	""	""	""	""	""	""	""	""	""	""	""	""	""	""	""	""	"1900341003"	"2108748546"	"2542674037"	"2848173165"	"2375026869"	"2831735681"	"3977560167"	"4409091184"	"3950275193"	""
"Heavily indebted poor countries (HIPC)"	"HPC"	"Goods exports (BoP current US$)"	"BX.GSR.MRCH.CD"	""	""	""	""	""	""	""	""	""	""	""	""	""	""	""	""	""	""	""	""	""	""	""	""	""	""	""	""	""	""	""	""	""	""	""	""	""	""	""	""	""	""	""	""	""	"51261448378.0566"	"63106226596.4869"	"76752414864.2799"	"95079029399.3227"	"82969824230.9643"	"105964534924.923"	"127953177857.775"	""	""	""
"Croatia"	"HRV"	"Goods exports (BoP current US$)"	"BX.GSR.MRCH.CD"	""	""	""	""	""	""	""	""	""	""	""	""	""	""	""	""	""	""	""	""	""	""	""	""	""	""	""	""	""	""	""	""	""	""	""	""	""	""	""	""	""	""	""	""	""	"8868594408"	"10507375207"	"12457818580"	"14222422930"	"10580228126"	"11914102428"	"13452780220"	"12448952824"	"12073161340"	""
"Haiti"	"HTI"	"Goods exports (BoP current US$)"	"BX.GSR.MRCH.CD"	""	""	""	""	""	""	""	""	""	""	""	""	""	""	""	""	""	""	""	""	""	""	""	""	""	""	""	""	""	""	""	""	""	""	""	""	""	""	""	""	""	""	""	""	""	"459620000"	"495180000"	"522080000"	"490196880.7"	"550996460.7"	"563381980.9"	"768085376.5"	"778844547.4"	"883704023.1"	""
"Hungary"	"HUN"	"Goods exports (BoP current US$)"	"BX.GSR.MRCH.CD"	""	""	""	""	""	""	""	""	""	""	""	""	""	""	""	""	""	""	""	""	""	""	""	""	""	""	""	""	""	""	""	""	""	""	""	""	""	""	""	""	""	""	""	""	""	"58646121095"	"70187887613"	"89603470549"	"105858000000"	"79380289924"	"87665903961"	"99910637628"	"90317732101"	"96174708603"	""
"Indonesia"	"IDN"	"Goods exports (BoP current US$)"	"BX.GSR.MRCH.CD"	""	""	""	""	""	""	""	""	""	""	""	""	""	""	""	""	""	""	""	""	""	""	""	""	""	""	""	""	""	""	""	""	""	""	""	""	""	""	""	""	""	""	""	""	""	"81682382907"	"98250972777"	"111303000000"	"132209000000"	"113266000000"	"149966000000"	"191109000000"	"187346000000"	"182089000000"	""
"Isle of Man"	"IMN"	"Goods exports (BoP current US$)"	"BX.GSR.MRCH.CD"	""	""	""	""	""	""	""	""	""	""	""	""	""	""	""	""	""	""	""	""	""	""	""	""	""	""	""	""	""	""	""	""	""	""	""	""	""	""	""	""	""	""	""	""	""	""	""	""	""	""	""	""	""	""	""
"India"	"IND"	"Goods exports (BoP current US$)"	"BX.GSR.MRCH.CD"	""	""	""	""	""	""	""	""	""	""	""	""	""	""	""	""	""	""	""	""	""	""	""	""	""	""	""	""	""	""	""	""	""	""	""	""	""	""	""	""	""	""	""	""	""	"102403000000"	"123876000000"	"153530000000"	"199065000000"	"167958000000"	"230967000000"	"307847000000"	"298321000000"	"319110000000"	""
"Not classified"	"INX"	"Goods exports (BoP current US$)"	"BX.GSR.MRCH.CD"	""	""	""	""	""	""	""	""	""	""	""	""	""	""	""	""	""	""	""	""	""	""	""	""	""	""	""	""	""	""	""	""	""	""	""	""	""	""	""	""	""	""	""	""	""	""	""	""	""	""	""	""	""	""	""
"Ireland"	"IRL"	"Goods exports (BoP current US$)"	"BX.GSR.MRCH.CD"	""	""	""	""	""	""	""	""	""	""	""	""	""	""	""	""	""	""	""	""	""	""	""	""	""	""	""	""	""	""	""	""	""	""	""	""	""	""	""	""	""	""	""	""	""	"107765000000"	"111171000000"	"127365000000"	"129849000000"	"118215000000"	"118792000000"	"127471000000"	"119321000000"	"116091000000"	""
"Iran Islamic Rep."	"IRN"	"Goods exports (BoP current US$)"	"BX.GSR.MRCH.CD"	""	""	""	""	""	""	""	""	""	""	""	""	""	""	""	""	""	""	""	""	""	""	""	""	""	""	""	""	""	""	""	""	""	""	""	""	""	""	""	""	""	""	""	""	""	""	""	""	""	""	""	""	""	""	""
"Iraq"	"IRQ"	"Goods exports (BoP current US$)"	"BX.GSR.MRCH.CD"	""	""	""	""	""	""	""	""	""	""	""	""	""	""	""	""	""	""	""	""	""	""	""	""	""	""	""	""	""	""	""	""	""	""	""	""	""	""	""	""	""	""	""	""	""	"23697400000"	"30529400000"	"39587000000"	"63728200000"	"39429300000"	"51760300000"	"79684000000"	"94207000000"	""	""
"Iceland"	"ISL"	"Goods exports (BoP current US$)"	"BX.GSR.MRCH.CD"	""	""	""	""	""	""	""	""	""	""	""	""	""	""	""	""	""	""	""	""	""	""	""	""	""	""	""	""	""	""	""	""	""	""	""	""	""	""	""	""	""	""	""	""	""	"2885621805"	"3098737714"	"4118484751"	"4652790599"	"3716005989"	"3971289369"	"4851849303"	"4607871684"	"4592718906"	""
"Israel"	"ISR"	"Goods exports (BoP current US$)"	"BX.GSR.MRCH.CD"	""	""	""	""	""	""	""	""	""	""	""	""	""	""	""	""	""	""	""	""	""	""	""	""	""	""	""	""	""	""	""	""	""	""	""	""	""	""	""	""	""	""	""	""	""	"40375600000"	"43492400000"	"50758200000"	"58011400000"	"46805000000"	"56413600000"	"64293800000"	"62041600000"	"61956700000"	""
"Italy"	"ITA"	"Goods exports (BoP current US$)"	"BX.GSR.MRCH.CD"	""	""	""	""	""	""	""	""	""	""	""	""	""	""	""	""	""	""	""	""	""	""	""	""	""	""	""	""	""	""	""	""	""	""	""	""	""	""	""	""	""	""	""	""	""	"358592000000"	"401718000000"	"481639000000"	"525821000000"	"392586000000"	"432562000000"	"503886000000"	"479792000000"	"501687000000"	""
"Jamaica"	"JAM"	"Goods exports (BoP current US$)"	"BX.GSR.MRCH.CD"	""	""	""	""	""	""	""	""	""	""	""	""	""	""	""	""	""	""	""	""	""	""	""	""	""	""	""	""	""	""	""	""	""	""	""	""	""	""	""	""	""	""	""	""	""	"1664320000"	"2133613000"	"2362580537"	"2743891964"	"1387723875"	"1370358549"	"1666090336"	"1728499366"	"1634242385"	""
"Jordan"	"JOR"	"Goods exports (BoP current US$)"	"BX.GSR.MRCH.CD"	""	""	""	""	""	""	""	""	""	""	""	""	""	""	""	""	""	""	""	""	""	""	""	""	""	""	""	""	""	""	""	""	""	""	""	""	""	""	""	""	""	""	""	""	""	"4301410437"	"5204372355"	"5731454731"	"7937108747"	"6375070423"	"7028309859"	"8006338028"	"7886619718"	"7910845070"	""
"Japan"	"JPN"	"Goods exports (BoP current US$)"	"BX.GSR.MRCH.CD"	""	""	""	""	""	""	""	""	""	""	""	""	""	""	""	""	""	""	""	""	""	""	""	""	""	""	""	""	""	""	""	""	""	""	""	""	""	""	""	""	""	""	""	""	""	"570982000000"	"619219000000"	"680623000000"	"749118000000"	"548145000000"	"735436000000"	"789951000000"	"776640000000"	"694940000000"	""
"Kazakhstan"	"KAZ"	"Goods exports (BoP current US$)"	"BX.GSR.MRCH.CD"	""	""	""	""	""	""	""	""	""	""	""	""	""	""	""	""	""	""	""	""	""	""	""	""	""	""	""	""	""	""	""	""	""	""	""	""	""	""	""	""	""	""	""	""	""	"28299204746"	"38761408257"	"48348104719"	"71964191806"	"43923391624"	"61391673077"	"85193883640"	"86931097140"	"83406930383"	""
"Kenya"	"KEN"	"Goods exports (BoP current US$)"	"BX.GSR.MRCH.CD"	""	""	""	""	""	""	""	""	""	""	""	""	""	""	""	""	""	""	""	""	""	""	""	""	""	""	""	""	""	""	""	""	""	""	""	""	""	""	""	""	""	""	""	""	""	"3459469536"	"3509011372"	"4123210762"	"5028644478"	"4492093091"	"5210877279"	"5791757466"	"6164650479"	""	""
"Kyrgyz Republic"	"KGZ"	"Goods exports (BoP current US$)"	"BX.GSR.MRCH.CD"	""	""	""	""	""	""	""	""	""	""	""	""	""	""	""	""	""	""	""	""	""	""	""	""	""	""	""	""	""	""	""	""	""	""	""	""	""	""	""	""	""	""	""	""	""	"686837029.8"	"905995141.8"	"1337838495"	"1874366598"	"1693835675"	"1778700558"	"2266961621"	"1954418411"	"2048437220"	""
"Cambodia"	"KHM"	"Goods exports (BoP current US$)"	"BX.GSR.MRCH.CD"	""	""	""	""	""	""	""	""	""	""	""	""	""	""	""	""	""	""	""	""	""	""	""	""	""	""	""	""	""	""	""	""	""	""	""	""	""	""	""	""	""	""	""	""	""	"2907982186"	"3692382885"	"3247780957"	"3493099141"	"3147869979"	"3938510704"	"5034620818"	"5632842824"	"6530216532"	""
"Kiribati"	"KIR"	"Goods exports (BoP current US$)"	"BX.GSR.MRCH.CD"	""	""	""	""	""	""	""	""	""	""	""	""	""	""	""	""	""	""	""	""	""	""	""	""	""	""	""	""	""	""	""	""	""	""	""	""	""	""	""	""	""	""	""	""	""	""	"3271661.065"	"11262259.82"	"9178987.903"	"7415973.315"	"6658012.458"	"11476792.42"	"10190044.86"	""	""
"St. Kitts and Nevis"	"KNA"	"Goods exports (BoP current US$)"	"BX.GSR.MRCH.CD"	""	""	""	""	""	""	""	""	""	""	""	""	""	""	""	""	""	""	""	""	""	""	""	""	""	""	""	""	""	""	""	""	""	""	""	""	""	""	""	""	""	""	""	""	""	"63442088.52"	"58215032.22"	"57527000"	"68868853.33"	"37437191.11"	"57902102.22"	"67716508.52"	"62816892.59"	"58051566.67"	""
"Korea Rep."	"KOR"	"Goods exports (BoP current US$)"	"BX.GSR.MRCH.CD"	""	""	""	""	""	""	""	""	""	""	""	""	""	""	""	""	""	""	""	""	""	""	""	""	""	""	""	""	""	""	""	""	""	""	""	""	""	""	""	""	""	""	""	""	""	"285254000000"	"329103000000"	"382789000000"	"432894000000"	"363901000000"	"463770000000"	"587100000000"	"603509000000"	"617128000000"	""
"Kosovo"	""	"Goods exports (BoP current US$)"	"BX.GSR.MRCH.CD"	""	""	""	""	""	""	""	""	""	""	""	""	""	""	""	""	""	""	""	""	""	""	""	""	""	""	""	""	""	""	""	""	""	""	""	""	""	""	""	""	""	""	""	""	""	"79624556.11"	"123594882.5"	"181550934.4"	"175671052.1"	"243012332.1"	"394921608.6"	"441239958.2"	"362073110.1"	"386866150.8"	""
"Kuwait"	"KWT"	"Goods exports (BoP current US$)"	"BX.GSR.MRCH.CD"	""	""	""	""	""	""	""	""	""	""	""	""	""	""	""	""	""	""	""	""	""	""	""	""	""	""	""	""	""	""	""	""	""	""	""	""	""	""	""	""	""	""	""	""	""	"45302739726"	"56453281105"	"62526133847"	"86943577755"	"54422928658"	"67130070024"	"102855000000"	"119643000000"	"115854000000"	""
"Latin America & Caribbean (developing only)"	"LAC"	"Goods exports (BoP current US$)"	"BX.GSR.MRCH.CD"	""	""	""	""	""	""	""	""	""	""	""	""	""	""	""	""	""	""	""	""	""	""	""	""	""	""	""	""	""	""	""	""	""	""	""	""	""	""	""	""	""	""	""	""	""	"514446906735.478"	"605518121180.009"	"682551277536.947"	"803680158679.336"	"624123646691.664"	"796414148050.407"	"995288354276.005"	"1014865162249.66"	"1021908966721.58"	""
"Lao PDR"	"LAO"	"Goods exports (BoP current US$)"	"BX.GSR.MRCH.CD"	""	""	""	""	""	""	""	""	""	""	""	""	""	""	""	""	""	""	""	""	""	""	""	""	""	""	""	""	""	""	""	""	""	""	""	""	""	""	""	""	""	""	""	""	""	"553078978.1"	"882027566.5"	"922692491.1"	"1091908594"	"1052675939"	"1746404988"	"1853978326"	"2270674373"	"2263927130"	""
"Lebanon"	"LBN"	"Goods exports (BoP current US$)"	"BX.GSR.MRCH.CD"	""	""	""	""	""	""	""	""	""	""	""	""	""	""	""	""	""	""	""	""	""	""	""	""	""	""	""	""	""	""	""	""	""	""	""	""	""	""	""	""	""	""	""	""	""	"2360965475"	"2813853868"	"3574280000"	"4453620000"	"4187106636"	"4688709891"	"5385530519"	"5008436867"	"4498765626"	""
"Liberia"	"LBR"	"Goods exports (BoP current US$)"	"BX.GSR.MRCH.CD"	""	""	""	""	""	""	""	""	""	""	""	""	""	""	""	""	""	""	""	""	""	""	""	""	""	""	""	""	""	""	""	""	""	""	""	""	""	""	""	""	""	""	""	""	""	"132262819.6"	"154635563.1"	"196199317.2"	"248964160.8"	"179972167.6"	"241210181.5"	"645658563.8"	"507212930.6"	"624325849.7"	""
"Libya"	"LBY"	"Goods exports (BoP current US$)"	"BX.GSR.MRCH.CD"	""	""	""	""	""	""	""	""	""	""	""	""	""	""	""	""	""	""	""	""	""	""	""	""	""	""	""	""	""	""	""	""	""	""	""	""	""	""	""	""	""	""	""	""	""	"28849000000"	"37473000000"	"46929000000"	"61950100000"	"37055000000"	"48935000000"	"19060000000"	"61026100000"	"46017900000"	""
"St. Lucia"	"LCA"	"Goods exports (BoP current US$)"	"BX.GSR.MRCH.CD"	""	""	""	""	""	""	""	""	""	""	""	""	""	""	""	""	""	""	""	""	""	""	""	""	""	""	""	""	""	""	""	""	""	""	""	""	""	""	""	""	""	""	""	""	""	"88766251.85"	"96641362.22"	"101212971.9"	"172468942.2"	"191317649.6"	"238887513.7"	"192268976.3"	"212435634.8"	"205325962.6"	""
"Latin America & Caribbean (all income levels)"	"LCN"	"Goods exports (BoP current US$)"	"BX.GSR.MRCH.CD"	""	""	""	""	""	""	""	""	""	""	""	""	""	""	""	""	""	""	""	""	""	""	""	""	""	""	""	""	""	""	""	""	""	""	""	""	""	""	""	""	""	""	""	""	""	"642055834856.875"	"769173097171.849"	"866049025574.911"	"1008083722387.64"	"779831980773.428"	"991955835933.27"	"1236857339608.27"	"1251658754658.57"	"1256959832168.9"	""
"Least developed countries: UN classification"	"LDC"	"Goods exports (BoP current US$)"	"BX.GSR.MRCH.CD"	""	""	""	""	""	""	""	""	""	""	""	""	""	""	""	""	""	""	""	""	""	""	""	""	""	""	""	""	""	""	""	""	""	""	""	""	""	""	""	""	""	""	""	""	""	"83608616999.0196"	"104281544357.634"	"133016186133.44"	"172620557846.158"	"132057452405.94"	"172160814370.867"	"207835343452.186"	"209797194131.217"	"221121849824.436"	""
"Low income"	"LIC"	"Goods exports (BoP current US$)"	"BX.GSR.MRCH.CD"	""	""	""	""	""	""	""	""	""	""	""	""	""	""	""	""	""	""	""	""	""	""	""	""	""	""	""	""	""	""	""	""	""	""	""	""	""	""	""	""	""	""	""	""	""	"42673261954.062"	"50488952924.2965"	"60939599691.9199"	"72154505634.0247"	"65856812124.6933"	"84822839154.8705"	"99636571440.5748"	"105219696303.786"	"117408841753.447"	""
"Liechtenstein"	"LIE"	"Goods exports (BoP current US$)"	"BX.GSR.MRCH.CD"	""	""	""	""	""	""	""	""	""	""	""	""	""	""	""	""	""	""	""	""	""	""	""	""	""	""	""	""	""	""	""	""	""	""	""	""	""	""	""	""	""	""	""	""	""	""	""	""	""	""	""	""	""	""	""
"Sri Lanka"	"LKA"	"Goods exports (BoP current US$)"	"BX.GSR.MRCH.CD"	""	""	""	""	""	""	""	""	""	""	""	""	""	""	""	""	""	""	""	""	""	""	""	""	""	""	""	""	""	""	""	""	""	""	""	""	""	""	""	""	""	""	""	""	""	"6346727000"	"6882600000"	"7639900000"	"8110600000"	"7084500000"	"8625820000"	"10558820000"	"9773529592"	"10394251513"	""
"Lower middle income"	"LMC"	"Goods exports (BoP current US$)"	"BX.GSR.MRCH.CD"	""	""	""	""	""	""	""	""	""	""	""	""	""	""	""	""	""	""	""	""	""	""	""	""	""	""	""	""	""	""	""	""	""	""	""	""	""	""	""	""	""	""	""	""	""	"451857714353.07"	"531786753161.83"	"626926129366.477"	"785934292792.896"	"628565132516.57"	"820892042225.473"	"1046352881274.54"	"1055006801221.05"	"1099037813211.67"	""
"Low & middle income"	"LMY"	"Goods exports (BoP current US$)"	"BX.GSR.MRCH.CD"	""	""	""	""	""	""	""	""	""	""	""	""	""	""	""	""	""	""	""	""	""	""	""	""	""	""	""	""	""	""	""	""	""	""	""	""	""	""	""	""	""	""	""	""	""	"2416120937570.41"	"2921169097961.94"	"3536502861446.99"	"4300290556012.94"	"3403368787261.05"	"4385119759081.19"	"5388325497237.66"	"5655024442864.62"	"5871016649023.25"	""
"Lesotho"	"LSO"	"Goods exports (BoP current US$)"	"BX.GSR.MRCH.CD"	""	""	""	""	""	""	""	""	""	""	""	""	""	""	""	""	""	""	""	""	""	""	""	""	""	""	""	""	""	""	""	""	""	""	""	""	""	""	""	""	""	""	""	""	""	"634295930.4"	"718187833.6"	"829703233.3"	"884045830.4"	"734145630"	"877656595.6"	"1174791344"	"972355680.3"	"847058693.3"	""
"Lithuania"	"LTU"	"Goods exports (BoP current US$)"	"BX.GSR.MRCH.CD"	""	""	""	""	""	""	""	""	""	""	""	""	""	""	""	""	""	""	""	""	""	""	""	""	""	""	""	""	""	""	""	""	""	""	""	""	""	""	""	""	""	""	""	""	""	"10900800992"	"13147828039"	"15783460552"	"22462117279"	"15418832488"	"19678429600"	"27029042069"	"28770777234"	"31816758796"	""
"Luxembourg"	"LUX"	"Goods exports (BoP current US$)"	"BX.GSR.MRCH.CD"	""	""	""	""	""	""	""	""	""	""	""	""	""	""	""	""	""	""	""	""	""	""	""	""	""	""	""	""	""	""	""	""	""	""	""	""	""	""	""	""	""	""	""	""	""	"14515434048"	"16343474401"	"18156001629"	"20780267931"	"14874130428"	"16100226981"	"18933625891"	"16039724315"	"16977972035"	""
"Latvia"	"LVA"	"Goods exports (BoP current US$)"	"BX.GSR.MRCH.CD"	""	""	""	""	""	""	""	""	""	""	""	""	""	""	""	""	""	""	""	""	""	""	""	""	""	""	""	""	""	""	""	""	""	""	""	""	""	""	""	""	""	""	""	""	""	"4762700000"	"5565900000"	"7683900000"	"9025300000"	"6987000000"	"8776500000"	"11498800000"	"12346000000"	"13058600000"	""
"Macao SAR China"	"MAC"	"Goods exports (BoP current US$)"	"BX.GSR.MRCH.CD"	""	""	""	""	""	""	""	""	""	""	""	""	""	""	""	""	""	""	""	""	""	""	""	""	""	""	""	""	""	""	""	""	""	""	""	""	""	""	""	""	""	""	""	""	""	"2474495343"	"2557202250"	"2542426880"	"2092985903"	"1086242764"	"1040210900"	"1125550949"	"1481759607"	"1642824700"	""
"St. Martin (French part)"	"MAF"	"Goods exports (BoP current US$)"	"BX.GSR.MRCH.CD"	""	""	""	""	""	""	""	""	""	""	""	""	""	""	""	""	""	""	""	""	""	""	""	""	""	""	""	""	""	""	""	""	""	""	""	""	""	""	""	""	""	""	""	""	""	""	""	""	""	""	""	""	""	""	""
"Morocco"	"MAR"	"Goods exports (BoP current US$)"	"BX.GSR.MRCH.CD"	""	""	""	""	""	""	""	""	""	""	""	""	""	""	""	""	""	""	""	""	""	""	""	""	""	""	""	""	""	""	""	""	""	""	""	""	""	""	""	""	""	""	""	""	""	"7328056004"	"8038370872"	"9884669615"	"15252247954"	"9166096929"	"12309393306"	"15945749512"	"16991999569"	"18261756867"	""
"Monaco"	"MCO"	"Goods exports (BoP current US$)"	"BX.GSR.MRCH.CD"	""	""	""	""	""	""	""	""	""	""	""	""	""	""	""	""	""	""	""	""	""	""	""	""	""	""	""	""	""	""	""	""	""	""	""	""	""	""	""	""	""	""	""	""	""	""	""	""	""	""	""	""	""	""	""
"Moldova"	"MDA"	"Goods exports (BoP current US$)"	"BX.GSR.MRCH.CD"	""	""	""	""	""	""	""	""	""	""	""	""	""	""	""	""	""	""	""	""	""	""	""	""	""	""	""	""	""	""	""	""	""	""	""	""	""	""	""	""	""	""	""	""	""	"886100000"	"786950000"	"1026000000"	"1179730000"	"929820000"	"1175010000"	"1749420000"	"1697270000"	"1897670000"	""
"Madagascar"	"MDG"	"Goods exports (BoP current US$)"	"BX.GSR.MRCH.CD"	""	""	""	""	""	""	""	""	""	""	""	""	""	""	""	""	""	""	""	""	""	""	""	""	""	""	""	""	""	""	""	""	""	""	""	""	""	""	""	""	""	""	""	""	""	"351904197.5"	""	""	""	""	""	""	""	""	""
"Maldives"	"MDV"	"Goods exports (BoP current US$)"	"BX.GSR.MRCH.CD"	""	""	""	""	""	""	""	""	""	""	""	""	""	""	""	""	""	""	""	""	""	""	""	""	""	""	""	""	""	""	""	""	""	""	""	""	""	""	""	""	""	""	""	""	""	"161637204.4"	"225246511.3"	"226956110.4"	"331382361.1"	"169042040.1"	"197500739.1"	"346378682.1"	"314420378.6"	"330965130.5"	""
"Middle East & North Africa (all income levels)"	"MEA"	"Goods exports (BoP current US$)"	"BX.GSR.MRCH.CD"	""	""	""	""	""	""	""	""	""	""	""	""	""	""	""	""	""	""	""	""	""	""	""	""	""	""	""	""	""	""	""	""	""	""	""	""	""	""	""	""	""	""	""	""	""	"650672842268.681"	"771972807871.87"	"881845522112.573"	"1181665937587.19"	"764596744185.731"	"965708464195.709"	"1257269428420.41"	"1405736284499.01"	"1365267426351.1"	""
"Mexico"	"MEX"	"Goods exports (BoP current US$)"	"BX.GSR.MRCH.CD"	""	""	""	""	""	""	""	""	""	""	""	""	""	""	""	""	""	""	""	""	""	""	""	""	""	""	""	""	""	""	""	""	""	""	""	""	""	""	""	""	""	""	""	""	""	"214633000000"	"250319000000"	"272293000000"	"291886000000"	"229975000000"	"298860000000"	"350004000000"	"371442000000"	"380741000000"	""
"Marshall Islands"	"MHL"	"Goods exports (BoP current US$)"	"BX.GSR.MRCH.CD"	""	""	""	""	""	""	""	""	""	""	""	""	""	""	""	""	""	""	""	""	""	""	""	""	""	""	""	""	""	""	""	""	""	""	""	""	""	""	""	""	""	""	""	""	""	""	""	""	""	""	""	""	""	""	""
"Middle income"	"MIC"	"Goods exports (BoP current US$)"	"BX.GSR.MRCH.CD"	""	""	""	""	""	""	""	""	""	""	""	""	""	""	""	""	""	""	""	""	""	""	""	""	""	""	""	""	""	""	""	""	""	""	""	""	""	""	""	""	""	""	""	""	""	"2373738478036.44"	"2870869386956.18"	"3475765180303.47"	"4228093283224.85"	"3338703920991.78"	"4301828312577.4"	"5289805869848.51"	"5551101447368.91"	"5757354290735.57"	""
"Macedonia FYR"	"MKD"	"Goods exports (BoP current US$)"	"BX.GSR.MRCH.CD"	""	""	""	""	""	""	""	""	""	""	""	""	""	""	""	""	""	""	""	""	""	""	""	""	""	""	""	""	""	""	""	""	""	""	""	""	""	""	""	""	""	""	""	""	""	"1406720901"	"1787983710"	"2558722054"	"2996390236"	"1891910613"	"2617244957"	"3338572447"	"2960796634"	"3166569051"	""
"Mali"	"MLI"	"Goods exports (BoP current US$)"	"BX.GSR.MRCH.CD"	""	""	""	""	""	""	""	""	""	""	""	""	""	""	""	""	""	""	""	""	""	""	""	""	""	""	""	""	""	""	""	""	""	""	""	""	""	""	""	""	""	""	""	""	""	"1100862693"	"1550249250"	"1555688871"	"2095665445"	"1772224261"	"2052588664"	"2389777452"	""	""	""
"Malta"	"MLT"	"Goods exports (BoP current US$)"	"BX.GSR.MRCH.CD"	""	""	""	""	""	""	""	""	""	""	""	""	""	""	""	""	""	""	""	""	""	""	""	""	""	""	""	""	""	""	""	""	""	""	""	""	""	""	""	""	""	""	""	""	""	"2544485398"	"3227468598"	"3657385270"	"3630057433"	"2794853486"	"3346683044"	"3951161355"	"4107051188"	"3771555579"	""
"Myanmar"	"MMR"	"Goods exports (BoP current US$)"	"BX.GSR.MRCH.CD"	""	""	""	""	""	""	""	""	""	""	""	""	""	""	""	""	""	""	""	""	""	""	""	""	""	""	""	""	""	""	""	""	""	""	""	""	""	""	""	""	""	""	""	""	""	"3502320472"	"4221698958"	"5402494812"	"5905367870"	"5903449906"	"7334734735"	"7699035580"	"8220307243"	"9022394473"	""
"Middle East & North Africa (developing only)"	"MNA"	"Goods exports (BoP current US$)"	"BX.GSR.MRCH.CD"	""	""	""	""	""	""	""	""	""	""	""	""	""	""	""	""	""	""	""	""	""	""	""	""	""	""	""	""	""	""	""	""	""	""	""	""	""	""	""	""	""	""	""	""	""	"210690852766.782"	"256941630877.863"	"306082328666.65"	"415025414052.013"	"266823816728.658"	"331455397958.768"	"367171054442.855"	"442680527999.052"	"394204342824.115"	""
"Montenegro"	"MNE"	"Goods exports (BoP current US$)"	"BX.GSR.MRCH.CD"	""	""	""	""	""	""	""	""	""	""	""	""	""	""	""	""	""	""	""	""	""	""	""	""	""	""	""	""	""	""	""	""	""	""	""	""	""	""	""	""	""	""	""	""	""	""	""	"648445440.1"	"623054200.1"	"383451618.3"	"449068854.1"	"653931219.7"	"498566038"	"525221390.8"	""
"Mongolia"	"MNG"	"Goods exports (BoP current US$)"	"BX.GSR.MRCH.CD"	""	""	""	""	""	""	""	""	""	""	""	""	""	""	""	""	""	""	""	""	""	""	""	""	""	""	""	""	""	""	""	""	""	""	""	""	""	""	""	""	""	""	""	""	""	"1068620000"	"1545200000"	"1950708800"	"2508571326"	"1880866791"	"2907879727"	"4816419599"	"4381480679"	"4267701314"	""
"Northern Mariana Islands"	"MNP"	"Goods exports (BoP current US$)"	"BX.GSR.MRCH.CD"	""	""	""	""	""	""	""	""	""	""	""	""	""	""	""	""	""	""	""	""	""	""	""	""	""	""	""	""	""	""	""	""	""	""	""	""	""	""	""	""	""	""	""	""	""	""	""	""	""	""	""	""	""	""	""
"Mozambique"	"MOZ"	"Goods exports (BoP current US$)"	"BX.GSR.MRCH.CD"	""	""	""	""	""	""	""	""	""	""	""	""	""	""	""	""	""	""	""	""	""	""	""	""	""	""	""	""	""	""	""	""	""	""	""	""	""	""	""	""	""	""	""	""	""	"1745256187"	"2381131626"	"2412120000"	"2653259648"	"2147183335"	"2333250120"	"3118274487"	"3855505246"	"4122638381"	""
"Mauritania"	"MRT"	"Goods exports (BoP current US$)"	"BX.GSR.MRCH.CD"	""	""	""	""	""	""	""	""	""	""	""	""	""	""	""	""	""	""	""	""	""	""	""	""	""	""	""	""	""	""	""	""	""	""	""	""	""	""	""	""	""	""	""	""	""	""	""	""	""	""	""	""	"2640958168"	"2651470172"	""
"Mauritius"	"MUS"	"Goods exports (BoP current US$)"	"BX.GSR.MRCH.CD"	""	""	""	""	""	""	""	""	""	""	""	""	""	""	""	""	""	""	""	""	""	""	""	""	""	""	""	""	""	""	""	""	""	""	""	""	""	""	""	""	""	""	""	""	""	"2138353971"	"2328840081"	"2237898295"	"2383940827"	"1938533433"	"2261494861"	"2564999784"	"2649119895"	"2871917096"	""
"Malawi"	"MWI"	"Goods exports (BoP current US$)"	"BX.GSR.MRCH.CD"	""	""	""	""	""	""	""	""	""	""	""	""	""	""	""	""	""	""	""	""	""	""	""	""	""	""	""	""	""	""	""	""	""	""	""	""	""	""	""	""	""	""	""	""	""	"541369662.9"	"721024779.1"	"803226246.5"	"950125401.3"	"1268372838"	"1139243980"	"1539345501"	"1284630976"	""	""
"Malaysia"	"MYS"	"Goods exports (BoP current US$)"	"BX.GSR.MRCH.CD"	""	""	""	""	""	""	""	""	""	""	""	""	""	""	""	""	""	""	""	""	""	""	""	""	""	""	""	""	""	""	""	""	""	""	""	""	""	""	""	""	""	""	""	""	""	"141603000000"	"161485000000"	"176545000000"	"199222000000"	"158058000000"	"199295000000"	"228632000000"	"227664000000"	"219199000000"	""
"North America"	"NAC"	"Goods exports (BoP current US$)"	"BX.GSR.MRCH.CD"	""	""	""	""	""	""	""	""	""	""	""	""	""	""	""	""	""	""	""	""	""	""	""	""	""	""	""	""	""	""	""	""	""	""	""	""	""	""	""	""	""	""	""	""	""	"1283530851537.93"	"1439439450000"	"1595647315598.7"	"1769069523951.86"	"1393028668980.41"	"1682622684082.32"	"1960759630185.5"	"2024584139986.93"	"2058300686934.28"	""
"Namibia"	"NAM"	"Goods exports (BoP current US$)"	"BX.GSR.MRCH.CD"	""	""	""	""	""	""	""	""	""	""	""	""	""	""	""	""	""	""	""	""	""	""	""	""	""	""	""	""	""	""	""	""	""	""	""	""	""	""	""	""	""	""	""	""	""	"2069914382"	"2646640097"	"2922134180"	"3140432824"	"3146419813"	"4025536607"	"4406515750"	"4368797503"	"4614397920"	""
"New Caledonia"	"NCL"	"Goods exports (BoP current US$)"	"BX.GSR.MRCH.CD"	""	""	""	""	""	""	""	""	""	""	""	""	""	""	""	""	""	""	""	""	""	""	""	""	""	""	""	""	""	""	""	""	""	""	""	""	""	""	""	""	""	""	""	""	""	"1089617353"	"1343606490"	"2122423177"	"1232748318"	"972265053.2"	"1416489168"	"1685892914"	"1334699542"	""	""
"Niger"	"NER"	"Goods exports (BoP current US$)"	"BX.GSR.MRCH.CD"	""	""	""	""	""	""	""	""	""	""	""	""	""	""	""	""	""	""	""	""	""	""	""	""	""	""	""	""	""	""	""	""	""	""	""	""	""	""	""	""	""	""	""	""	""	"477551115.5"	"507951852.8"	"662524530.3"	"912157673.3"	"996854439.1"	"1151016452"	"1172762747"	"1353348238"	""	""
"Nigeria"	"NGA"	"Goods exports (BoP current US$)"	"BX.GSR.MRCH.CD"	""	""	""	""	""	""	""	""	""	""	""	""	""	""	""	""	""	""	""	""	""	""	""	""	""	""	""	""	""	""	""	""	""	""	""	""	""	""	""	""	""	""	""	""	""	"55201459679"	"56934944656"	"66039563856"	"85771996565"	"56167403678"	"77883086094"	"96368878283"	"95676624748"	""	""
"Nicaragua"	"NIC"	"Goods exports (BoP current US$)"	"BX.GSR.MRCH.CD"	""	""	""	""	""	""	""	""	""	""	""	""	""	""	""	""	""	""	""	""	""	""	""	""	""	""	""	""	""	""	""	""	""	""	""	""	""	""	""	""	""	""	""	""	""	"880430000"	"1498600000"	"1760800000"	"2153000000"	"2104300000"	"2744100000"	"3666200000"	"4146100000"	"4122500000"	""
"Netherlands"	"NLD"	"Goods exports (BoP current US$)"	"BX.GSR.MRCH.CD"	""	""	""	""	""	""	""	""	""	""	""	""	""	""	""	""	""	""	""	""	""	""	""	""	""	""	""	""	""	""	""	""	""	""	""	""	""	""	""	""	""	""	""	""	""	"334389000000"	"379717000000"	"456218000000"	"511555000000"	"406983000000"	"467373000000"	"544383000000"	"532971000000"	"550893000000"	""
"High income: nonOECD"	"NOC"	"Goods exports (BoP current US$)"	"BX.GSR.MRCH.CD"	""	""	""	""	""	""	""	""	""	""	""	""	""	""	""	""	""	""	""	""	""	""	""	""	""	""	""	""	""	""	""	""	""	""	""	""	""	""	""	""	""	""	""	""	""	"1490998960887.85"	"1737734980464.08"	"1937997828781.33"	"2330280096800.92"	"1712538396583.68"	"2201446219250.08"	"2739740639057.96"	"2854095174058.5"	"2898498177224.19"	""
"Norway"	"NOR"	"Goods exports (BoP current US$)"	"BX.GSR.MRCH.CD"	""	""	""	""	""	""	""	""	""	""	""	""	""	""	""	""	""	""	""	""	""	""	""	""	""	""	""	""	""	""	""	""	""	""	""	""	""	""	""	""	""	""	""	""	""	"103384000000"	"121657000000"	"135860000000"	"171688000000"	"116811000000"	"129119000000"	"164773000000"	"166023000000"	"158336000000"	""
"Nepal"	"NPL"	"Goods exports (BoP current US$)"	"BX.GSR.MRCH.CD"	""	""	""	""	""	""	""	""	""	""	""	""	""	""	""	""	""	""	""	""	""	""	""	""	""	""	""	""	""	""	""	""	""	""	""	""	""	""	""	""	""	""	""	""	""	"902880578.6"	"848777042.7"	"924931909"	"986573075.6"	"837371648.2"	"901807787.4"	"998970081.2"	"1004284872"	"991544812.1"	""
"New Zealand"	"NZL"	"Goods exports (BoP current US$)"	"BX.GSR.MRCH.CD"	""	""	""	""	""	""	""	""	""	""	""	""	""	""	""	""	""	""	""	""	""	""	""	""	""	""	""	""	""	""	""	""	""	""	""	""	""	""	""	""	""	""	""	""	""	"22014762971"	"22494740287"	"27241374989"	"31087598294"	"25225627095"	"31726991061"	"38119823155"	"37648283678"	"39727783696"	""
"High income: OECD"	"OEC"	"Goods exports (BoP current US$)"	"BX.GSR.MRCH.CD"	""	""	""	""	""	""	""	""	""	""	""	""	""	""	""	""	""	""	""	""	""	""	""	""	""	""	""	""	""	""	""	""	""	""	""	""	""	""	""	""	""	""	""	""	""	"6262299152640"	"7086057118148"	"8135624784189"	"9066148618256"	"7060796614039"	"8295381205074"	"9731399355843"	"9554037620199"	"9754083608893"	""
"OECD members"	"OED"	"Goods exports (BoP current US$)"	"BX.GSR.MRCH.CD"	""	""	""	""	""	""	""	""	""	""	""	""	""	""	""	""	""	""	""	""	""	""	""	""	""	""	""	""	""	""	""	""	""	""	""	""	""	""	""	""	""	""	""	""	""	"6614087273735"	"7500340005761"	"8612901254738"	"9604798618256"	"7479880903963"	"8802898109035"	"10324809993471"	"10179114352300"	"10394573317496"	""
"Oman"	"OMN"	"Goods exports (BoP current US$)"	"BX.GSR.MRCH.CD"	""	""	""	""	""	""	""	""	""	""	""	""	""	""	""	""	""	""	""	""	""	""	""	""	""	""	""	""	""	""	""	""	""	""	""	""	""	""	""	""	""	""	""	""	""	"18691807542"	"21586475943"	"24691807542"	"37719115735"	"27651495449"	"36600780234"	"47092587776"	"52137841352"	"56429128739"	""
"Other small states"	"OSS"	"Goods exports (BoP current US$)"	"BX.GSR.MRCH.CD"	""	""	""	""	""	""	""	""	""	""	""	""	""	""	""	""	""	""	""	""	""	""	""	""	""	""	""	""	""	""	""	""	""	""	""	""	""	""	""	""	""	""	""	""	""	"25274550667.6694"	"27552794032.4035"	"30264816174.9175"	"30660704178.4273"	"25611569516.9293"	"31623523591.525"	"39058059891.425"	"37343222433.7813"	"41284640569.7711"	""
"Pakistan"	"PAK"	"Goods exports (BoP current US$)"	"BX.GSR.MRCH.CD"	""	""	""	""	""	""	""	""	""	""	""	""	""	""	""	""	""	""	""	""	""	""	""	""	""	""	""	""	""	""	""	""	""	""	""	""	""	""	""	""	""	""	""	""	""	"15438000000"	"17064000000"	"18224400000"	"21223500000"	"18357000000"	"21482000000"	"26308262880"	"24790883563"	"25180000000"	""
"Panama"	"PAN"	"Goods exports (BoP current US$)"	"BX.GSR.MRCH.CD"	""	""	""	""	""	""	""	""	""	""	""	""	""	""	""	""	""	""	""	""	""	""	""	""	""	""	""	""	""	""	""	""	""	""	""	""	""	""	""	""	""	""	""	""	""	"7388600000"	"8464600000"	"9359000000"	"10792500000"	"12070700000"	"12686900000"	"16987900000"	"18838800000"	"17158700000"	""
"Peru"	"PER"	"Goods exports (BoP current US$)"	"BX.GSR.MRCH.CD"	""	""	""	""	""	""	""	""	""	""	""	""	""	""	""	""	""	""	""	""	""	""	""	""	""	""	""	""	""	""	""	""	""	""	""	""	""	""	""	""	""	""	""	""	""	"17365592658"	"23829967431"	"28093427370"	"31018398880"	"26961518361"	"35564829779"	"46375961566"	"46366712945"	"42176795291"	""
"Philippines"	"PHL"	"Goods exports (BoP current US$)"	"BX.GSR.MRCH.CD"	""	""	""	""	""	""	""	""	""	""	""	""	""	""	""	""	""	""	""	""	""	""	""	""	""	""	""	""	""	""	""	""	""	""	""	""	""	""	""	""	""	""	""	""	""	"25161775241"	"30734443122"	"32802573146"	"34678750643"	"29142866160"	"36771714506"	"38276471890"	"46384288291"	"44512401095"	""
"Palau"	"PLW"	"Goods exports (BoP current US$)"	"BX.GSR.MRCH.CD"	""	""	""	""	""	""	""	""	""	""	""	""	""	""	""	""	""	""	""	""	""	""	""	""	""	""	""	""	""	""	""	""	""	""	""	""	""	""	""	""	""	""	""	""	""	""	""	""	""	""	""	""	""	""	""
"Papua New Guinea"	"PNG"	"Goods exports (BoP current US$)"	"BX.GSR.MRCH.CD"	""	""	""	""	""	""	""	""	""	""	""	""	""	""	""	""	""	""	""	""	""	""	""	""	""	""	""	""	""	""	""	""	""	""	""	""	""	""	""	""	""	""	""	""	""	"3317622999"	"4204322879"	"4747810472"	"5805513770"	"4391894917"	"5744689262"	"6915228936"	"6332738473"	""	""
"Poland"	"POL"	"Goods exports (BoP current US$)"	"BX.GSR.MRCH.CD"	""	""	""	""	""	""	""	""	""	""	""	""	""	""	""	""	""	""	""	""	""	""	""	""	""	""	""	""	""	""	""	""	""	""	""	""	""	""	""	""	""	""	""	""	""	"96385000000"	"117451000000"	"145383000000"	"178475000000"	"142081000000"	"165721000000"	"195209000000"	"190830000000"	"207473000000"	""
"Puerto Rico"	"PRI"	"Goods exports (BoP current US$)"	"BX.GSR.MRCH.CD"	""	""	""	""	""	""	""	""	""	""	""	""	""	""	""	""	""	""	""	""	""	""	""	""	""	""	""	""	""	""	""	""	""	""	""	""	""	""	""	""	""	""	""	""	""	""	""	""	""	""	""	""	""	""	""
"Korea Dem. Rep."	"PRK"	"Goods exports (BoP current US$)"	"BX.GSR.MRCH.CD"	""	""	""	""	""	""	""	""	""	""	""	""	""	""	""	""	""	""	""	""	""	""	""	""	""	""	""	""	""	""	""	""	""	""	""	""	""	""	""	""	""	""	""	""	""	""	""	""	""	""	""	""	""	""	""
"Portugal"	"PRT"	"Goods exports (BoP current US$)"	"BX.GSR.MRCH.CD"	""	""	""	""	""	""	""	""	""	""	""	""	""	""	""	""	""	""	""	""	""	""	""	""	""	""	""	""	""	""	""	""	""	""	""	""	""	""	""	""	""	""	""	""	""	"38643032331"	"44938987505"	"52939977406"	"57762361233"	"44450621917"	"49669231053"	"60005789680"	"58126408802"	"62980615616"	""
"Paraguay"	"PRY"	"Goods exports (BoP current US$)"	"BX.GSR.MRCH.CD"	""	""	""	""	""	""	""	""	""	""	""	""	""	""	""	""	""	""	""	""	""	""	""	""	""	""	""	""	""	""	""	""	""	""	""	""	""	""	""	""	""	""	""	""	""	"4827685701"	"5949914687"	"7297377181"	"9651041158"	"7692979672"	"10366618121"	"12499649583"	"11514765407"	"13444313850"	""
"Pacific island small states"	"PSS"	"Goods exports (BoP current US$)"	"BX.GSR.MRCH.CD"	""	""	""	""	""	""	""	""	""	""	""	""	""	""	""	""	""	""	""	""	""	""	""	""	""	""	""	""	""	""	""	""	""	""	""	""	""	""	""	""	""	""	""	""	""	"908568219.935549"	"883270591.691572"	"1017220951.02286"	"1259685387.84989"	"916729452.071015"	"1211530567.52636"	"1699943025.03634"	"1935706295.78852"	"1682942136.10792"	""
"French Polynesia"	"PYF"	"Goods exports (BoP current US$)"	"BX.GSR.MRCH.CD"	""	""	""	""	""	""	""	""	""	""	""	""	""	""	""	""	""	""	""	""	""	""	""	""	""	""	""	""	""	""	""	""	""	""	""	""	""	""	""	""	""	""	""	""	""	"204014362.2"	"197983749.5"	"235264009.3"	"194564965.6"	"145948093.2"	"153547729.5"	"163261527.6"	"138768776.4"	""	""
"Qatar"	"QAT"	"Goods exports (BoP current US$)"	"BX.GSR.MRCH.CD"	""	""	""	""	""	""	""	""	""	""	""	""	""	""	""	""	""	""	""	""	""	""	""	""	""	""	""	""	""	""	""	""	""	""	""	""	""	""	""	""	""	""	""	""	""	""	""	""	""	""	""	"114299000000"	"132985000000"	"136937000000"	""
"Romania"	"ROU"	"Goods exports (BoP current US$)"	"BX.GSR.MRCH.CD"	""	""	""	""	""	""	""	""	""	""	""	""	""	""	""	""	""	""	""	""	""	""	""	""	""	""	""	""	""	""	""	""	""	""	""	""	""	""	""	""	""	""	""	""	""	"14484390000"	"17845280000"	"30098000000"	"40037000000"	"33707000000"	"43367000000"	"55845000000"	"51298000000"	"58292000000"	""
"Russian Federation"	"RUS"	"Goods exports (BoP current US$)"	"BX.GSR.MRCH.CD"	""	""	""	""	""	""	""	""	""	""	""	""	""	""	""	""	""	""	""	""	""	""	""	""	""	""	""	""	""	""	""	""	""	""	""	""	""	""	""	""	""	""	""	""	""	"240024000000"	"297481000000"	"346530000000"	"466298000000"	"297155000000"	"392674000000"	"515409000000"	"527434000000"	"523275000000"	""
"Rwanda"	"RWA"	"Goods exports (BoP current US$)"	"BX.GSR.MRCH.CD"	""	""	""	""	""	""	""	""	""	""	""	""	""	""	""	""	""	""	""	""	""	""	""	""	""	""	""	""	""	""	""	""	""	""	""	""	""	""	""	""	""	""	""	""	""	"124977456.1"	"147382999.8"	"176773693.7"	"264815934.7"	"234968868.8"	"297277388"	"464239136.1"	"590746756.2"	"703010080.4"	""
"South Asia"	"SAS"	"Goods exports (BoP current US$)"	"BX.GSR.MRCH.CD"	""	""	""	""	""	""	""	""	""	""	""	""	""	""	""	""	""	""	""	""	""	""	""	""	""	""	""	""	""	""	""	""	""	""	""	""	""	""	""	""	""	""	""	""	""	"135639674015.084"	"161217584755.982"	"194713259449.311"	"246586155192.255"	"210934472929.111"	"284402583311.547"	"373005324214.315"	"361096949876.982"	"386027554353.35"	""
"Saudi Arabia"	"SAU"	"Goods exports (BoP current US$)"	"BX.GSR.MRCH.CD"	""	""	""	""	""	""	""	""	""	""	""	""	""	""	""	""	""	""	""	""	""	""	""	""	""	""	""	""	""	""	""	""	""	""	""	""	""	""	""	""	""	""	""	""	""	"180712000000"	"211305000000"	"233311000000"	"313481000000"	"192307000000"	"251143000000"	"364735000000"	"388370000000"	"375961000000"	""
"Sudan"	"SDN"	"Goods exports (BoP current US$)"	"BX.GSR.MRCH.CD"	""	""	""	""	""	""	""	""	""	""	""	""	""	""	""	""	""	""	""	""	""	""	""	""	""	""	""	""	""	""	""	""	""	""	""	""	""	""	""	""	""	""	""	""	""	"4824279734"	"5656560000"	"8879240000"	"11670500000"	"8257110000"	"11404280000"	"9655680000"	"4066499000"	"7086219000"	""
"Senegal"	"SEN"	"Goods exports (BoP current US$)"	"BX.GSR.MRCH.CD"	""	""	""	""	""	""	""	""	""	""	""	""	""	""	""	""	""	""	""	""	""	""	""	""	""	""	""	""	""	""	""	""	""	""	""	""	""	""	""	""	""	""	""	""	""	"1592949283"	"1599800770"	"1681506062"	"2208370687"	"2096863080"	"2164229216"	"2621031608"	""	""	""
"Singapore"	"SGP"	"Goods exports (BoP current US$)"	"BX.GSR.MRCH.CD"	""	""	""	""	""	""	""	""	""	""	""	""	""	""	""	""	""	""	""	""	""	""	""	""	""	""	""	""	""	""	""	""	""	""	""	""	""	""	""	""	""	""	""	""	""	"241638000000"	"280864000000"	"312281000000"	"352974000000"	"287362000000"	"370257000000"	"431837000000"	"434229000000"	"437542000000"	""
"Solomon Islands"	"SLB"	"Goods exports (BoP current US$)"	"BX.GSR.MRCH.CD"	""	""	""	""	""	""	""	""	""	""	""	""	""	""	""	""	""	""	""	""	""	""	""	""	""	""	""	""	""	""	""	""	""	""	""	""	""	""	""	""	""	""	""	""	""	"104757514.3"	"114000715.3"	"164494704.4"	"209994129.5"	"164934976.4"	"223982998.1"	"419851821.3"	"499909898.5"	"448126546.5"	""
"Sierra Leone"	"SLE"	"Goods exports (BoP current US$)"	"BX.GSR.MRCH.CD"	""	""	""	""	""	""	""	""	""	""	""	""	""	""	""	""	""	""	""	""	""	""	""	""	""	""	""	""	""	""	""	""	""	""	""	""	""	""	""	""	""	""	""	""	""	"183631022.8"	"262494762.3"	"287153986"	"271499168.8"	"267652527"	"360172818"	"381523318.1"	"1162107662"	"2004280893"	""
"El Salvador"	"SLV"	"Goods exports (BoP current US$)"	"BX.GSR.MRCH.CD"	""	""	""	""	""	""	""	""	""	""	""	""	""	""	""	""	""	""	""	""	""	""	""	""	""	""	""	""	""	""	""	""	""	""	""	""	""	""	""	""	""	""	""	""	""	"1864100000"	"2254700000"	"2793700000"	"3275500000"	"2923576030"	"3473156739"	"4242593851"	"4234811660"	"4334229011"	""
"San Marino"	"SMR"	"Goods exports (BoP current US$)"	"BX.GSR.MRCH.CD"	""	""	""	""	""	""	""	""	""	""	""	""	""	""	""	""	""	""	""	""	""	""	""	""	""	""	""	""	""	""	""	""	""	""	""	""	""	""	""	""	""	""	""	""	""	""	""	""	""	""	""	""	""	""	""
"Somalia"	"SOM"	"Goods exports (BoP current US$)"	"BX.GSR.MRCH.CD"	""	""	""	""	""	""	""	""	""	""	""	""	""	""	""	""	""	""	""	""	""	""	""	""	""	""	""	""	""	""	""	""	""	""	""	""	""	""	""	""	""	""	""	""	""	""	""	""	""	""	""	""	""	""	""
"Serbia"	"SRB"	"Goods exports (BoP current US$)"	"BX.GSR.MRCH.CD"	""	""	""	""	""	""	""	""	""	""	""	""	""	""	""	""	""	""	""	""	""	""	""	""	""	""	""	""	""	""	""	""	""	""	""	""	""	""	""	""	""	""	""	""	""	""	""	"8719794452"	"10937634003"	"8361312369"	"9803636155"	"11748055228"	"10792768656"	"14010288928"	""
"Sub-Saharan Africa (developing only)"	"SSA"	"Goods exports (BoP current US$)"	"BX.GSR.MRCH.CD"	""	""	""	""	""	""	""	""	""	""	""	""	""	""	""	""	""	""	""	""	""	""	""	""	""	""	""	""	""	""	""	""	""	""	""	""	""	""	""	""	""	""	""	""	""	"202703571641.62"	"233447481154.469"	"281125079782.331"	"348894112902.329"	"258880485810.556"	"340661490901.499"	"418791537841.963"	"409552365569.498"	""	""
"South Sudan"	"SSD"	"Goods exports (BoP current US$)"	"BX.GSR.MRCH.CD"	""	""	""	""	""	""	""	""	""	""	""	""	""	""	""	""	""	""	""	""	""	""	""	""	""	""	""	""	""	""	""	""	""	""	""	""	""	""	""	""	""	""	""	""	""	""	""	""	""	""	""	""	""	""	""
"Sub-Saharan Africa (all income levels)"	"SSF"	"Goods exports (BoP current US$)"	"BX.GSR.MRCH.CD"	""	""	""	""	""	""	""	""	""	""	""	""	""	""	""	""	""	""	""	""	""	""	""	""	""	""	""	""	""	""	""	""	""	""	""	""	""	""	""	""	""	""	""	""	""	"210157567830.067"	"242032019752.558"	"291462861481.014"	"361723957816.673"	"268400269496.987"	"353188598510.733"	"434191713090.711"	"424612789750.489"	""	""
"Small states"	"SST"	"Goods exports (BoP current US$)"	"BX.GSR.MRCH.CD"	""	""	""	""	""	""	""	""	""	""	""	""	""	""	""	""	""	""	""	""	""	""	""	""	""	""	""	""	""	""	""	""	""	""	""	""	""	""	""	""	""	""	""	""	""	"41190625725.789"	"50073651037.1241"	"51819310754.1031"	"62020079366.1198"	"40996097940.3514"	"50047438936.0596"	"63312818835.2024"	""	""	""
"Sao Tome and Principe"	"STP"	"Goods exports (BoP current US$)"	"BX.GSR.MRCH.CD"	""	""	""	""	""	""	""	""	""	""	""	""	""	""	""	""	""	""	""	""	""	""	""	""	""	""	""	""	""	""	""	""	""	""	""	""	""	""	""	""	""	""	""	""	""	"6790804"	"7710857"	"6810434.162"	"7831400"	"9206153.06"	"10933960.77"	"10944716.83"	"12169824.65"	"12887099.13"	""
"Suriname"	"SUR"	"Goods exports (BoP current US$)"	"BX.GSR.MRCH.CD"	""	""	""	""	""	""	""	""	""	""	""	""	""	""	""	""	""	""	""	""	""	""	""	""	""	""	""	""	""	""	""	""	""	""	""	""	""	""	""	""	""	""	""	""	""	"1211500000"	"1174500000"	"1359000000"	"1743500000"	"1401800000"	"2084100000"	"2466692794"	"2694977540"	"2394819816"	""
"Slovak Republic"	"SVK"	"Goods exports (BoP current US$)"	"BX.GSR.MRCH.CD"	""	""	""	""	""	""	""	""	""	""	""	""	""	""	""	""	""	""	""	""	""	""	""	""	""	""	""	""	""	""	""	""	""	""	""	""	""	""	""	""	""	""	""	""	""	"31841292893"	"41704485499"	"57785097853"	"70240034004"	"55488457639"	"64003201572"	"79215860532"	"80751072774"	"85521621629"	""
"Slovenia"	"SVN"	"Goods exports (BoP current US$)"	"BX.GSR.MRCH.CD"	""	""	""	""	""	""	""	""	""	""	""	""	""	""	""	""	""	""	""	""	""	""	""	""	""	""	""	""	""	""	""	""	""	""	""	""	""	""	""	""	""	""	""	""	""	"18074600000"	"21765422920"	"27571833207"	"30429173151"	"23218277839"	"25167185129"	"29827115983"	"27837151165"	"29480200045"	""
"Sweden"	"SWE"	"Goods exports (BoP current US$)"	"BX.GSR.MRCH.CD"	""	""	""	""	""	""	""	""	""	""	""	""	""	""	""	""	""	""	""	""	""	""	""	""	""	""	""	""	""	""	""	""	""	""	""	""	""	""	""	""	""	""	""	""	""	"131080000000"	"156219000000"	"180691000000"	"197964000000"	"138540000000"	"167221000000"	"197298000000"	"185188000000"	"181289000000"	""
"Swaziland"	"SWZ"	"Goods exports (BoP current US$)"	"BX.GSR.MRCH.CD"	""	""	""	""	""	""	""	""	""	""	""	""	""	""	""	""	""	""	""	""	""	""	""	""	""	""	""	""	""	""	""	""	""	""	""	""	""	""	""	""	""	""	""	""	""	"1601331818"	"1560592934"	"1625837499"	"1489153250"	"1564933548"	"1805286067"	"1905672800"	"1925829684"	"1860817972"	""
"Sint Maarten (Dutch part)"	"SXM"	"Goods exports (BoP current US$)"	"BX.GSR.MRCH.CD"	""	""	""	""	""	""	""	""	""	""	""	""	""	""	""	""	""	""	""	""	""	""	""	""	""	""	""	""	""	""	""	""	""	""	""	""	""	""	""	""	""	""	""	""	""	""	""	""	""	""	""	""	""	""	""
"Seychelles"	"SYC"	"Goods exports (BoP current US$)"	"BX.GSR.MRCH.CD"	""	""	""	""	""	""	""	""	""	""	""	""	""	""	""	""	""	""	""	""	""	""	""	""	""	""	""	""	""	""	""	""	""	""	""	""	""	""	""	""	""	""	""	""	""	"350101876.9"	"419201876.5"	"397553125.3"	"437609651.1"	"431798721.3"	"400233777.4"	"476895953.4"	"497272633.4"	"597964010.1"	""
"Syrian Arab Republic"	"SYR"	"Goods exports (BoP current US$)"	"BX.GSR.MRCH.CD"	""	""	""	""	""	""	""	""	""	""	""	""	""	""	""	""	""	""	""	""	""	""	""	""	""	""	""	""	""	""	""	""	""	""	""	""	""	""	""	""	""	""	""	""	""	"8602000000"	"10244800000"	"11755667755"	"15334000000"	"10883491161"	"12272749953"	""	""	""	""
"Turks and Caicos Islands"	"TCA"	"Goods exports (BoP current US$)"	"BX.GSR.MRCH.CD"	""	""	""	""	""	""	""	""	""	""	""	""	""	""	""	""	""	""	""	""	""	""	""	""	""	""	""	""	""	""	""	""	""	""	""	""	""	""	""	""	""	""	""	""	""	""	""	""	""	""	""	""	""	""	""
"Chad"	"TCD"	"Goods exports (BoP current US$)"	"BX.GSR.MRCH.CD"	""	""	""	""	""	""	""	""	""	""	""	""	""	""	""	""	""	""	""	""	""	""	""	""	""	""	""	""	""	""	""	""	""	""	""	""	""	""	""	""	""	""	""	""	""	""	""	""	""	""	""	""	""	""	""
"Togo"	"TGO"	"Goods exports (BoP current US$)"	"BX.GSR.MRCH.CD"	""	""	""	""	""	""	""	""	""	""	""	""	""	""	""	""	""	""	""	""	""	""	""	""	""	""	""	""	""	""	""	""	""	""	""	""	""	""	""	""	""	""	""	""	""	"634089361"	"630352514.3"	"676893790.4"	"852601504.1"	"903024121.7"	"976154755.3"	""	""	""	""
"Thailand"	"THA"	"Goods exports (BoP current US$)"	"BX.GSR.MRCH.CD"	""	""	""	""	""	""	""	""	""	""	""	""	""	""	""	""	""	""	""	""	""	""	""	""	""	""	""	""	""	""	""	""	""	""	""	""	""	""	""	""	""	""	""	""	""	"109369000000"	"127929000000"	"151240000000"	"175214000000"	"150788000000"	"191600000000"	"219119000000"	"225832000000"	"225408000000"	""
"Tajikistan"	"TJK"	"Goods exports (BoP current US$)"	"BX.GSR.MRCH.CD"	""	""	""	""	""	""	""	""	""	""	""	""	""	""	""	""	""	""	""	""	""	""	""	""	""	""	""	""	""	""	""	""	""	""	""	""	""	""	""	""	""	""	""	""	""	"1108092600"	"1511798900"	"1556876300"	"1574873800"	"1038492000"	"459144800"	"593340100"	"825938000"	""	""
"Turkmenistan"	"TKM"	"Goods exports (BoP current US$)"	"BX.GSR.MRCH.CD"	""	""	""	""	""	""	""	""	""	""	""	""	""	""	""	""	""	""	""	""	""	""	""	""	""	""	""	""	""	""	""	""	""	""	""	""	""	""	""	""	""	""	""	""	""	""	""	""	""	""	""	""	""	""	""
"Timor-Leste"	"TLS"	"Goods exports (BoP current US$)"	"BX.GSR.MRCH.CD"	""	""	""	""	""	""	""	""	""	""	""	""	""	""	""	""	""	""	""	""	""	""	""	""	""	""	""	""	""	""	""	""	""	""	""	""	""	""	""	""	""	""	""	""	""	""	"9252764.126"	"6648418.165"	"14061182.84"	"14595333.68"	"27080122.76"	"28676960.78"	"33265504.28"	"17670430.79"	""
"Tonga"	"TON"	"Goods exports (BoP current US$)"	"BX.GSR.MRCH.CD"	""	""	""	""	""	""	""	""	""	""	""	""	""	""	""	""	""	""	""	""	""	""	""	""	""	""	""	""	""	""	""	""	""	""	""	""	""	""	""	""	""	""	""	""	""	"17145376.77"	"8185738.624"	"13049183.73"	"13053003.82"	"9446802.218"	"10630780.74"	"16679179.11"	"15538584"	""	""
"Trinidad and Tobago"	"TTO"	"Goods exports (BoP current US$)"	"BX.GSR.MRCH.CD"	""	""	""	""	""	""	""	""	""	""	""	""	""	""	""	""	""	""	""	""	""	""	""	""	""	""	""	""	""	""	""	""	""	""	""	""	""	""	""	""	""	""	""	""	""	"9981746810"	"14064622194"	"13197660781"	"18620728923"	"9203976047"	"11219327322"	"14913139161"	""	""	""
"Tunisia"	"TUN"	"Goods exports (BoP current US$)"	"BX.GSR.MRCH.CD"	""	""	""	""	""	""	""	""	""	""	""	""	""	""	""	""	""	""	""	""	""	""	""	""	""	""	""	""	""	""	""	""	""	""	""	""	""	""	""	""	""	""	""	""	""	"10691262236"	"11738021450"	"15191925236"	"19248517148"	"14481420451"	"16493433003"	"17876330401"	"17071350446"	"17145574198"	""
"Turkey"	"TUR"	"Goods exports (BoP current US$)"	"BX.GSR.MRCH.CD"	""	""	""	""	""	""	""	""	""	""	""	""	""	""	""	""	""	""	""	""	""	""	""	""	""	""	""	""	""	""	""	""	""	""	""	""	""	""	""	""	""	""	""	""	""	"78509000000"	"93776000000"	"115380000000"	"140906000000"	"109729000000"	"120991000000"	"143496000000"	"163317000000"	"163574000000"	""
"Tuvalu"	"TUV"	"Goods exports (BoP current US$)"	"BX.GSR.MRCH.CD"	""	""	""	""	""	""	""	""	""	""	""	""	""	""	""	""	""	""	""	""	""	""	""	""	""	""	""	""	""	""	""	""	""	""	""	""	""	""	""	""	""	""	""	""	""	""	""	""	""	""	""	""	""	""	""
"Tanzania"	"TZA"	"Goods exports (BoP current US$)"	"BX.GSR.MRCH.CD"	""	""	""	""	""	""	""	""	""	""	""	""	""	""	""	""	""	""	""	""	""	""	""	""	""	""	""	""	""	""	""	""	""	""	""	""	""	""	""	""	""	""	""	""	""	"1702496236"	"1917618836"	"2226557064"	"3578801421"	"3298090284"	"4324280328"	"5097900545"	"5889215553"	"5258066450"	""
"Uganda"	"UGA"	"Goods exports (BoP current US$)"	"BX.GSR.MRCH.CD"	""	""	""	""	""	""	""	""	""	""	""	""	""	""	""	""	""	""	""	""	""	""	""	""	""	""	""	""	""	""	""	""	""	""	""	""	""	""	""	""	""	""	""	""	""	"1015857576"	"1187639150"	"1776155109"	"2207628743"	"2326561994"	"2163974071"	"2519126643"	"2803457649"	"2828726440"	""
"Ukraine"	"UKR"	"Goods exports (BoP current US$)"	"BX.GSR.MRCH.CD"	""	""	""	""	""	""	""	""	""	""	""	""	""	""	""	""	""	""	""	""	""	""	""	""	""	""	""	""	""	""	""	""	""	""	""	""	""	""	""	""	""	""	""	""	""	"32184000000"	"36174000000"	"46168000000"	"63188000000"	"37134000000"	"47299000000"	"62383000000"	"64427000000"	"59106000000"	""
"Upper middle income"	"UMC"	"Goods exports (BoP current US$)"	"BX.GSR.MRCH.CD"	""	""	""	""	""	""	""	""	""	""	""	""	""	""	""	""	""	""	""	""	""	""	""	""	""	""	""	""	""	""	""	""	""	""	""	""	""	""	""	""	""	""	""	""	""	"1921763332945.44"	"2339324962203.15"	"2849578734780.56"	"3442748379618.99"	"2710498283282.8"	"3481252951890.01"	"4244453167481.48"	"4496321026744.91"	"4659050877842.79"	""
"Uruguay"	"URY"	"Goods exports (BoP current US$)"	"BX.GSR.MRCH.CD"	""	""	""	""	""	""	""	""	""	""	""	""	""	""	""	""	""	""	""	""	""	""	""	""	""	""	""	""	""	""	""	""	""	""	""	""	""	""	""	""	""	""	""	""	""	"3774078194"	"4399810189"	"5099904953"	"7095469859"	"6391830118"	"8030689479"	"9273742321"	"9915752197"	"10294139862"	""
"United States"	"USA"	"Goods exports (BoP current US$)"	"BX.GSR.MRCH.CD"	""	""	""	""	""	""	""	""	""	""	""	""	""	""	""	""	""	""	""	""	""	""	""	""	""	""	""	""	""	""	""	""	""	""	""	""	""	""	""	""	""	""	""	""	""	"913016000000"	"1040910000000"	"1165150000000"	"1308790000000"	"1070330000000"	"1290270000000"	"1499240000000"	"1561690000000"	"1592790000000"	""
"Uzbekistan"	"UZB"	"Goods exports (BoP current US$)"	"BX.GSR.MRCH.CD"	""	""	""	""	""	""	""	""	""	""	""	""	""	""	""	""	""	""	""	""	""	""	""	""	""	""	""	""	""	""	""	""	""	""	""	""	""	""	""	""	""	""	""	""	""	""	""	""	""	""	""	""	""	""	""
"St. Vincent and the Grenadines"	"VCT"	"Goods exports (BoP current US$)"	"BX.GSR.MRCH.CD"	""	""	""	""	""	""	""	""	""	""	""	""	""	""	""	""	""	""	""	""	""	""	""	""	""	""	""	""	""	""	""	""	""	""	""	""	""	""	""	""	""	""	""	""	""	"42567624.07"	"41158206.67"	"51347431.48"	"57183457.78"	"53352369.26"	"44997766.67"	"43421505.56"	"47787147.78"	"53354951.48"	""
"Venezuela RB"	"VEN"	"Goods exports (BoP current US$)"	"BX.GSR.MRCH.CD"	""	""	""	""	""	""	""	""	""	""	""	""	""	""	""	""	""	""	""	""	""	""	""	""	""	""	""	""	""	""	""	""	""	""	""	""	""	""	""	""	""	""	""	""	""	"55712000000"	"65574000000"	"69976000000"	"95017000000"	"57599000000"	"65741000000"	"92807000000"	"97336000000"	""	""
"Virgin Islands (U.S.)"	"VIR"	"Goods exports (BoP current US$)"	"BX.GSR.MRCH.CD"	""	""	""	""	""	""	""	""	""	""	""	""	""	""	""	""	""	""	""	""	""	""	""	""	""	""	""	""	""	""	""	""	""	""	""	""	""	""	""	""	""	""	""	""	""	""	""	""	""	""	""	""	""	""	""
"Vietnam"	"VNM"	"Goods exports (BoP current US$)"	"BX.GSR.MRCH.CD"	""	""	""	""	""	""	""	""	""	""	""	""	""	""	""	""	""	""	""	""	""	""	""	""	""	""	""	""	""	""	""	""	""	""	""	""	""	""	""	""	""	""	""	""	""	"32447000000"	"39826000000"	"48561000000"	"62685000000"	"57096000000"	"72237000000"	"96906000000"	"114573000000"	"132135000000"	""
"Vanuatu"	"VUT"	"Goods exports (BoP current US$)"	"BX.GSR.MRCH.CD"	""	""	""	""	""	""	""	""	""	""	""	""	""	""	""	""	""	""	""	""	""	""	""	""	""	""	""	""	""	""	""	""	""	""	""	""	""	""	""	""	""	""	""	""	""	"38113245.11"	"37694911.85"	"33547266.47"	"41879497.05"	"55235400.88"	"51268894.02"	"67401503.87"	"54716228.71"	"44616813.09"	""
"West Bank and Gaza"	"PSE"	"Goods exports (BoP current US$)"	"BX.GSR.MRCH.CD"	""	""	""	""	""	""	""	""	""	""	""	""	""	""	""	""	""	""	""	""	""	""	""	""	""	""	""	""	""	""	""	""	""	""	""	""	""	""	""	""	""	""	""	""	""	"410572734.6"	"449187636.2"	"621827862"	"665942132.4"	"628823031"	"664249467.8"	"846074150.6"	"985355641.8"	"1692032124"	""
"World"	"WLD"	"Goods exports (BoP current US$)"	"BX.GSR.MRCH.CD"	""	""	""	""	""	""	""	""	""	""	""	""	""	""	""	""	""	""	""	""	""	""	""	""	""	""	""	""	""	""	""	""	""	""	""	""	""	""	""	""	""	""	""	""	""	"10162435362376"	"11729831171563.9"	"13598821269824.6"	"15661435989246.4"	"12161612213656.6"	"14838629350127.5"	"17786879163623.4"	"17971230386330.9"	"18425375651867.8"	""
"Samoa"	"WSM"	"Goods exports (BoP current US$)"	"BX.GSR.MRCH.CD"	""	""	""	""	""	""	""	""	""	""	""	""	""	""	""	""	""	""	""	""	""	""	""	""	""	""	""	""	""	""	""	""	""	""	""	""	""	""	""	""	""	""	""	""	""	"11996778.6"	"10345337.73"	"13888910.32"	"11255701.56"	"11550403.82"	"23136326.18"	"24680913.77"	"31174878.37"	"23944033.38"	""
"Yemen Rep."	"YEM"	"Goods exports (BoP current US$)"	"BX.GSR.MRCH.CD"	""	""	""	""	""	""	""	""	""	""	""	""	""	""	""	""	""	""	""	""	""	""	""	""	""	""	""	""	""	""	""	""	""	""	""	""	""	""	""	""	""	""	""	""	""	"6413184251"	"7316390000"	"7049520000"	"8976860000"	"5881025326"	"7648263495"	"9116709196"	"7808322733"	"7841635335"	""
"South Africa"	"ZAF"	"Goods exports (BoP current US$)"	"BX.GSR.MRCH.CD"	""	""	""	""	""	""	""	""	""	""	""	""	""	""	""	""	""	""	""	""	""	""	""	""	""	""	""	""	""	""	""	""	""	""	""	""	""	""	""	""	""	""	""	""	""	"56261041953"	"65824730142"	"76435300919"	"86118011452"	"66542160141"	"90010574798"	"108797000000"	"99291618623"	"94917758518"	""
"Congo Dem. Rep."	"COD"	"Goods exports (BoP current US$)"	"BX.GSR.MRCH.CD"	""	""	""	""	""	""	""	""	""	""	""	""	""	""	""	""	""	""	""	""	""	""	""	""	""	""	""	""	""	""	""	""	""	""	""	""	""	""	""	""	""	""	""	""	""	"2402800000"	"2704700000"	"6147900000"	"6869800000"	"4371000000"	"8477900000"	"9471927080"	"8743370359"	"10904919933"	""
"Zambia"	"ZMB"	"Goods exports (BoP current US$)"	"BX.GSR.MRCH.CD"	""	""	""	""	""	""	""	""	""	""	""	""	""	""	""	""	""	""	""	""	""	""	""	""	""	""	""	""	""	""	""	""	""	""	""	""	""	""	""	""	""	""	""	""	""	"2246852903"	"3942805713"	"4509777436"	"4961676429"	"4319082227"	"7413612178"	"8659867967"	"9362630578"	"10646018455"	""
"Zimbabwe"	"ZWE"	"Goods exports (BoP current US$)"	"BX.GSR.MRCH.CD"	""	""	""	""	""	""	""	""	""	""	""	""	""	""	""	""	""	""	""	""	""	""	""	""	""	""	""	""	""	""	""	""	""	""	""	""	""	""	""	""	""	""	""	""	""	""	""	""	""	""	""	""	""	""	""
