"Data Source","World Development Indicators",

"Country Name","Country Code","Indicator Name","Indicator Code","1960","1961","1962","1963","1964","1965","1966","1967","1968","1969","1970","1971","1972","1973","1974","1975","1976","1977","1978","1979","1980","1981","1982","1983","1984","1985","1986","1987","1988","1989","1990","1991","1992","1993","1994","1995","1996","1997","1998","1999","2000","2001","2002","2003","2004","2005","2006","2007","2008","2009","2010","2011","2012","2013",
"Aruba","ABW","Interest arrears, official creditors (current US$)","DT.IXA.OFFT.CD","","","","","","","","","","","","","","","","","","","","","","","","","","","","","","","","","","","","","","","","","","","","","","","","","","","","","","",
"Andorra","AND","Interest arrears, official creditors (current US$)","DT.IXA.OFFT.CD","","","","","","","","","","","","","","","","","","","","","","","","","","","","","","","","","","","","","","","","","","","","","","","","","","","","","","",
"Afghanistan","AFG","Interest arrears, official creditors (current US$)","DT.IXA.OFFT.CD","","","","","","","","","","","","","","","","","","","","","","","","","","","","","","","","","","","","","","","","","","","","","","","18117000","20608900","17319200","20164700","66696800","209560500","218630200","",
"Angola","AGO","Interest arrears, official creditors (current US$)","DT.IXA.OFFT.CD","","","","","","","","","","","","","","","","","","","","","","","","","","","","","","9485000","51691000","97179000","147594000","194614000","233824000","275933000","169945000","188134000","259154000","283653000","252365000","265892000","287013000","303715000","411385000","356463000","66628000","11235000","8013000","7105000","3180000","2871000","3764000","",
"Albania","ALB","Interest arrears, official creditors (current US$)","DT.IXA.OFFT.CD","","","","","","","","","","","","","","","","","","","","","","","","","","","","","","","","0","0","299000","1298000","1597000","1519000","963000","996000","1089000","526000","699000","190000","208000","0","0","0","47000","146000","0","0","0","0","",
"Arab World","ARB","Interest arrears, official creditors (current US$)","DT.IXA.OFFT.CD","","","","","","","","","","","","","","","","","","","","","","","","","","","","","","","","","","","","","","","","","","","","","","","","","","","","","","",
"United Arab Emirates","ARE","Interest arrears, official creditors (current US$)","DT.IXA.OFFT.CD","","","","","","","","","","","","","","","","","","","","","","","","","","","","","","","","","","","","","","","","","","","","","","","","","","","","","","",
"Argentina","ARG","Interest arrears, official creditors (current US$)","DT.IXA.OFFT.CD","","","","","","","","","","","0","0","0","0","0","0","0","0","0","0","0","0","0","42821000","114966000","4562000","85913000","32959000","68885000","213596000","132461000","258762000","626540000","0","30000","25000","25000","8000","4000","0","3000","0","167709000","357386000","535622000","594558000","835591000","857961000","895963000","914670000","917739000","916458000","907409000","",
"Armenia","ARM","Interest arrears, official creditors (current US$)","DT.IXA.OFFT.CD","","","","","","","","","","","","","","","","","","","","","","","","","","","","","","","","","","0","1067000","1140000","0","0","0","0","6149000","5652000","0","0","0","0","0","0","0","0","0","0","0","",
"American Samoa","ASM","Interest arrears, official creditors (current US$)","DT.IXA.OFFT.CD","","","","","","","","","","","","","","","","","","","","","","","","","","","","","","","","","","","","","","","","","","","","","","","","","","","","","","",
"Antigua and Barbuda","ATG","Interest arrears, official creditors (current US$)","DT.IXA.OFFT.CD","","","","","","","","","","","","","","","","","","","","","","","","","","","","","","","","","","","","","","","","","","","","","","","","","","","","","","",
"Australia","AUS","Interest arrears, official creditors (current US$)","DT.IXA.OFFT.CD","","","","","","","","","","","","","","","","","","","","","","","","","","","","","","","","","","","","","","","","","","","","","","","","","","","","","","",
"Austria","AUT","Interest arrears, official creditors (current US$)","DT.IXA.OFFT.CD","","","","","","","","","","","","","","","","","","","","","","","","","","","","","","","","","","","","","","","","","","","","","","","","","","","","","","",
"Azerbaijan","AZE","Interest arrears, official creditors (current US$)","DT.IXA.OFFT.CD","","","","","","","","","","","","","","","","","","","","","","","","","","","","","","","","","","0","3615000","6032000","2481000","0","0","0","0","0","0","0","0","0","0","0","0","0","0","0","0","",
"Burundi","BDI","Interest arrears, official creditors (current US$)","DT.IXA.OFFT.CD","","","","","","","","","","","0","0","0","0","0","0","0","0","0","0","0","0","0","0","0","290000","210000","205000","638000","565000","2000","5000","461000","1079000","1021000","2019000","5172000","8607000","12375000","15410000","19655000","27385000","36340000","47558000","19560000","33059000","36617000","12800000","3988000","0","589000","123000","0","",
"Belgium","BEL","Interest arrears, official creditors (current US$)","DT.IXA.OFFT.CD","","","","","","","","","","","","","","","","","","","","","","","","","","","","","","","","","","","","","","","","","","","","","","","","","","","","","","",
"Benin","BEN","Interest arrears, official creditors (current US$)","DT.IXA.OFFT.CD","","","","","","","","","","","0","0","182000","183000","161000","218000","248000","268000","301000","133000","172000","131000","635000","2009000","4914000","6514000","9083000","13610000","16704000","12575000","18594000","15760000","8224000","11883000","6928000","6917000","7177000","7243000","7422000","7568000","1131000","1445000","1445000","6051000","1445000","1884000","1907000","4910000","4481000","32031000","25379000","27838000","46991000","",
"Burkina Faso","BFA","Interest arrears, official creditors (current US$)","DT.IXA.OFFT.CD","","","","","","","","","","","0","0","0","0","0","0","0","2000","7000","0","0","0","30000","512000","3492000","1468000","3804000","6618000","11086000","9498000","14147000","11427000","11260000","11110000","9844000","10565000","7845000","5123000","5441000","3931000","3778000","3507000","2235000","139000","96000","222000","63000","16000","43000","0","0","0","0","",
"Bangladesh","BGD","Interest arrears, official creditors (current US$)","DT.IXA.OFFT.CD","","","","","","","","","","","","","0","530000","46000","2023000","3211000","4046000","5238000","1150000","43000","44000","44000","45000","40000","53000","61000","133000","95000","662000","1189000","691000","2458000","4769000","9535000","15146000","25000","0","0","0","0","20743000","27094000","0","0","16428000","0","151000","1336000","1216000","2210000","2312000","2379000","",
"Bulgaria","BGR","Interest arrears, official creditors (current US$)","DT.IXA.OFFT.CD","","","","","","","","","","","","","","","","","","","","","","0","0","0","0","0","0","0","0","0","5015000","22641000","29193000","58939000","15491000","5401000","10304000","9724000","8340000","0","0","0","0","0","0","0","0","0","0","0","0","0","0","",
"Bahrain","BHR","Interest arrears, official creditors (current US$)","DT.IXA.OFFT.CD","","","","","","","","","","","","","","","","","","","","","","","","","","","","","","","","","","","","","","","","","","","","","","","","","","","","","","",
"Bahamas, The","BHS","Interest arrears, official creditors (current US$)","DT.IXA.OFFT.CD","","","","","","","","","","","","","","","","","","","","","","","","","","","","","","","","","","","","","","","","","","","","","","","","","","","","","","",
"Bosnia and Herzegovina","BIH","Interest arrears, official creditors (current US$)","DT.IXA.OFFT.CD","","","","","","","","","","","","","","","","","","","","","","","","","","","","","","","","","","","","","","","","2332000","1171000","0","1691000","0","0","0","0","0","0","0","0","0","0","",
"Belarus","BLR","Interest arrears, official creditors (current US$)","DT.IXA.OFFT.CD","","","","","","","","","","","","","","","","","","","","","","","","","","","","","","","","","","234000","0","0","1506000","1214000","3772000","6761000","12186000","2337000","0","1763000","0","0","0","0","0","0","0","0","0","",
"Belize","BLZ","Interest arrears, official creditors (current US$)","DT.IXA.OFFT.CD","","","","","","","","","","","0","0","0","0","0","0","0","0","0","0","0","168000","404000","766000","1602000","247000","609000","369000","428000","310000","433000","592000","807000","982000","1198000","251000","609000","14000","0","0","0","0","845000","884000","1252000","5040000","5960000","5704000","6083000","8126000","5813000","6948000","5233000","",
"Bermuda","BMU","Interest arrears, official creditors (current US$)","DT.IXA.OFFT.CD","","","","","","","","","","","","","","","","","","","","","","","","","","","","","","","","","","","","","","","","","","","","","","","","","","","","","","",
"Bolivia","BOL","Interest arrears, official creditors (current US$)","DT.IXA.OFFT.CD","","","","","","","","","","","0","0","125000","0","0","0","0","0","35000","3886000","2046000","4304000","15016000","18865000","30556000","71609000","76471000","86723000","105166000","44882000","2154000","5257000","2109000","3338000","21427000","7030000","13624000","3478000","3055000","2526000","2436000","0","0","0","0","0","0","0","0","0","0","0","0","",
"Brazil","BRA","Interest arrears, official creditors (current US$)","DT.IXA.OFFT.CD","","","","","","","","","","","0","0","0","0","0","0","0","0","0","0","446000","1945000","1207000","3120000","12011000","35211000","57304000","75102000","84210000","268692000","332309000","750867000","338706000","2074132000","1614086000","1184612000","902520000","813015000","246168000","148204000","106591000","0","0","0","19000","0","8000","71000","30000","43000","0","0","0","",
"Barbados","BRB","Interest arrears, official creditors (current US$)","DT.IXA.OFFT.CD","","","","","","","","","","","","","","","","","","","","","","","","","","","","","","","","","","","","","","","","","","","","","","","","","","","","","","",
"Brunei Darussalam","BRN","Interest arrears, official creditors (current US$)","DT.IXA.OFFT.CD","","","","","","","","","","","","","","","","","","","","","","","","","","","","","","","","","","","","","","","","","","","","","","","","","","","","","","",
"Bhutan","BTN","Interest arrears, official creditors (current US$)","DT.IXA.OFFT.CD","","","","","","","","","","","","","","","","","","","","","","0","0","0","0","0","0","0","0","0","263000","492000","591000","707000","704000","576000","0","0","0","0","0","0","0","0","0","4476000","0","0","0","0","0","0","0","",
"Botswana","BWA","Interest arrears, official creditors (current US$)","DT.IXA.OFFT.CD","","","","","","","","","","","0","0","0","0","0","0","0","0","0","122000","0","0","0","0","0","0","112000","1057000","556000","459000","1310000","1717000","1021000","1567000","2332000","207000","12000","0","0","0","0","0","0","0","0","0","0","0","2000","0","0","0","0","",
"Sub-Saharan Africa (IFC classification)","CAA","Interest arrears, official creditors (current US$)","DT.IXA.OFFT.CD","","","","","","","","","","","","","","","","","","","","","","","","","","","","","","","","","","","","","","","","","","","","","","","","","","","","","","",
"Central African Republic","CAF","Interest arrears, official creditors (current US$)","DT.IXA.OFFT.CD","","","","","","","","","","","0","0","250000","402000","464000","516000","1053000","1630000","2424000","983000","1739000","3155000","4752000","2921000","217000","307000","500000","6060000","11593000","15646000","13116000","16395000","24921000","35340000","23736000","31681000","37184000","43600000","43322000","22181000","24708000","24575000","44201000","85295000","83832000","90599000","83614000","65592000","66578000","70659000","70684000","54746000","56907000","",
"Canada","CAN","Interest arrears, official creditors (current US$)","DT.IXA.OFFT.CD","","","","","","","","","","","","","","","","","","","","","","","","","","","","","","","","","","","","","","","","","","","","","","","","","","","","","","",
"East Asia and the Pacific (IFC classification)","CEA","Interest arrears, official creditors (current US$)","DT.IXA.OFFT.CD","","","","","","","","","","","","","","","","","","","","","","","","","","","","","","","","","","","","","","","","","","","","","","","","","","","","","","",
"Europe and Central Asia (IFC classification)","CEU","Interest arrears, official creditors (current US$)","DT.IXA.OFFT.CD","","","","","","","","","","","","","","","","","","","","","","","","","","","","","","","","","","","","","","","","","","","","","","","","","","","","","","",
"Switzerland","CHE","Interest arrears, official creditors (current US$)","DT.IXA.OFFT.CD","","","","","","","","","","","","","","","","","","","","","","","","","","","","","","","","","","","","","","","","","","","","","","","","","","","","","","",
"Channel Islands","CHI","Interest arrears, official creditors (current US$)","DT.IXA.OFFT.CD","","","","","","","","","","","","","","","","","","","","","","","","","","","","","","","","","","","","","","","","","","","","","","","","","","","","","","",
"Chile","CHL","Interest arrears, official creditors (current US$)","DT.IXA.OFFT.CD","","","","","","","","","","","","","","","","","","","","","","","","","","","","","","","","","","","","","","","","","","","","","","","","","","","","","","",
"China","CHN","Interest arrears, official creditors (current US$)","DT.IXA.OFFT.CD","","","","","","","","","","","","","","","","","","","","","","0","0","0","0","0","0","0","0","0","0","0","0","0","0","0","0","0","0","0","0","0","0","0","0","0","0","0","0","0","0","0","0","",
"Cote d'Ivoire","CIV","Interest arrears, official creditors (current US$)","DT.IXA.OFFT.CD","","","","","","","","","","","0","0","0","0","0","0","0","0","6000","87000","323000","580000","898000","8188000","2043000","6444000","10090000","15150000","58215000","174539000","65951000","78207000","166111000","378751000","45366000","33836000","5904000","77968000","0","0","70369000","196945000","60476000","114878000","464677000","595301000","691235000","1065139000","920510000","71736000","6583000","4134000","467000","",
"Latin America and the Caribbean (IFC classification)","CLA","Interest arrears, official creditors (current US$)","DT.IXA.OFFT.CD","","","","","","","","","","","","","","","","","","","","","","","","","","","","","","","","","","","","","","","","","","","","","","","","","","","","","","",
"Middle East and North Africa (IFC classification)","CME","Interest arrears, official creditors (current US$)","DT.IXA.OFFT.CD","","","","","","","","","","","","","","","","","","","","","","","","","","","","","","","","","","","","","","","","","","","","","","","","","","","","","","",
"Cameroon","CMR","Interest arrears, official creditors (current US$)","DT.IXA.OFFT.CD","","","","","","","","","","","0","0","12000","51000","1193000","653000","0","416000","145000","291000","2825000","2501000","2708000","3267000","3159000","3972000","6730000","15577000","46544000","16520000","86092000","208269000","186625000","357781000","134230000","247282000","642218000","77748000","7387000","7142000","88875000","50504000","22999000","14985000","9907000","0","6069000","692000","570000","2532000","8578000","2278000","23904000","",
"Congo, Rep.","COG","Interest arrears, official creditors (current US$)","DT.IXA.OFFT.CD","","","","","","","","","","","0","0","819000","1480000","1777000","1758000","3334000","6557000","6056000","3202000","2158000","1975000","629000","2152000","6029000","5788000","11723000","58502000","127788000","209344000","73229000","193355000","355348000","489976000","148326000","305638000","127363000","199913000","315185000","391063000","468827000","525565000","662568000","815067000","172079000","130982000","132604000","79054000","79890000","59211000","58106000","42938000","42601000","",
"Colombia","COL","Interest arrears, official creditors (current US$)","DT.IXA.OFFT.CD","","","","","","","","","","","0","0","0","0","0","0","0","0","0","0","0","0","0","0","1000","0","0","1216000","18000","64000","17128000","9610000","10247000","11037000","7695000","54000","47000","0","0","0","0","0","0","0","0","0","0","0","0","0","0","0","0","",
"Comoros","COM","Interest arrears, official creditors (current US$)","DT.IXA.OFFT.CD","","","","","","","","","","","0","0","0","0","0","0","31000","128000","357000","653000","2000","54000","96000","143000","197000","502000","2629000","5012000","7932000","9518000","12155000","12385000","11661000","12987000","9843000","5671000","6545000","7028000","7509000","7749000","11318000","15357000","16506000","18094000","21567000","21479000","22174000","7605000","5188000","4745000","4425000","4691000","4141000","",
"Cabo Verde","CPV","Interest arrears, official creditors (current US$)","DT.IXA.OFFT.CD","","","","","","","","","","","","","","","","","","","","","","6000","12000","2000","0","23000","1525000","1842000","1411000","2069000","1857000","1928000","1606000","2544000","3314000","3902000","4067000","3407000","2569000","3464000","3908000","3310000","2909000","1784000","1046000","895000","721000","1287000","1442000","1502000","1500000","1500000","1500000","",
"Costa Rica","CRI","Interest arrears, official creditors (current US$)","DT.IXA.OFFT.CD","","","","","","","","","","","0","0","0","0","0","0","0","27000","315000","11000","387000","12778000","23109000","7898000","31110000","13179000","12857000","55633000","71831000","28375000","83293000","68712000","34521000","41529000","51020000","42667000","39542000","35111000","33964000","24805000","24058000","23175000","21857000","22161000","2232000","1815000","2024000","496000","0","0","0","0","0","",
"South Asia (IFC classification)","CSA","Interest arrears, official creditors (current US$)","DT.IXA.OFFT.CD","","","","","","","","","","","","","","","","","","","","","","","","","","","","","","","","","","","","","","","","","","","","","","","","","","","","","","",
"Caribbean small states","CSS","Interest arrears, official creditors (current US$)","DT.IXA.OFFT.CD","","","","","","","","","","","","","","","","","","","","","","","","","","","","","","","","","","","","","","","","","","","","","","","","","","","","","","",
"Cuba","CUB","Interest arrears, official creditors (current US$)","DT.IXA.OFFT.CD","","","","","","","","","","","","","","","","","","","","","","","","","","","","","","","","","","","","","","","","","","","","","","","","","","","","","","",
"Curacao","CUW","Interest arrears, official creditors (current US$)","DT.IXA.OFFT.CD","","","","","","","","","","","","","","","","","","","","","","","","","","","","","","","","","","","","","","","","","","","","","","","","","","","","","","",
"Cayman Islands","CYM","Interest arrears, official creditors (current US$)","DT.IXA.OFFT.CD","","","","","","","","","","","","","","","","","","","","","","","","","","","","","","","","","","","","","","","","","","","","","","","","","","","","","","",
"Cyprus","CYP","Interest arrears, official creditors (current US$)","DT.IXA.OFFT.CD","","","","","","","","","","","","","","","","","","","","","","","","","","","","","","","","","","","","","","","","","","","","","","","","","","","","","","",
"Czech Republic","CZE","Interest arrears, official creditors (current US$)","DT.IXA.OFFT.CD","","","","","","","","","","","","","","","","","","","","","","","","","","","","","","","","","","","","","","","","","","","","","","","","","","","","","","",
"Germany","DEU","Interest arrears, official creditors (current US$)","DT.IXA.OFFT.CD","","","","","","","","","","","","","","","","","","","","","","","","","","","","","","","","","","","","","","","","","","","","","","","","","","","","","","",
"Djibouti","DJI","Interest arrears, official creditors (current US$)","DT.IXA.OFFT.CD","","","","","","","","","","","0","0","0","0","0","0","0","0","0","0","0","0","0","0","87000","0","3000","0","0","1000","74000","160000","650000","1550000","2754000","3541000","4234000","4251000","6303000","6551000","6380000","7023000","5545000","7589000","8407000","8127000","9232000","4875000","721000","1100000","269000","431000","1270000","",
"Dominica","DMA","Interest arrears, official creditors (current US$)","DT.IXA.OFFT.CD","","","","","","","","","","","","","","","","","","","","","","105000","200000","0","0","0","0","9000","2000","0","20000","49000","112000","9000","12000","264000","413000","1000","31000","33000","3000","13000","142000","206000","150000","705000","206000","225000","249000","0","0","0","0","",
"Denmark","DNK","Interest arrears, official creditors (current US$)","DT.IXA.OFFT.CD","","","","","","","","","","","","","","","","","","","","","","","","","","","","","","","","","","","","","","","","","","","","","","","","","","","","","","",
"Dominican Republic","DOM","Interest arrears, official creditors (current US$)","DT.IXA.OFFT.CD","","","","","","","","","","","0","0","1085000","237000","237000","288000","466000","567000","862000","1258000","3017000","6434000","6286000","14633000","42310000","7486000","53957000","116853000","150653000","162910000","304007000","64914000","61999000","62560000","118818000","156573000","175869000","75934000","56056000","89809000","21830000","16847000","22977000","25656000","18065000","14661000","3908000","7077000","2713000","43000","0","0","0","",
"Algeria","DZA","Interest arrears, official creditors (current US$)","DT.IXA.OFFT.CD","","","","","","","","","","","0","0","0","0","0","0","0","0","0","0","0","0","0","0","0","0","0","0","0","0","81000","17000","281000","772000","65000","37000","37000","37000","37000","37000","0","0","33000","10000","11000","0","0","0","0","0","0","0","0","",
"East Asia & Pacific (developing only)","EAP","Interest arrears, official creditors (current US$)","DT.IXA.OFFT.CD","","","","","","","","","","","0","0","7779000","2000","43000","91000","199000","365000","252000","748000","1204000","1437000","2146000","3921000","5989000","3263000","3151000","26584000","135241000","712892000","1135806000","1430148000","1803686000","1770963000","2133558000","2374661000","2637450000","1824097000","2050998000","2256680000","657078000","686679000","863517000","999094000","1022096000","1014069000","914157000","1044494000","1083177000","1151286000","1269299000","1291170000","485727000","",
"East Asia & Pacific (all income levels)","EAS","Interest arrears, official creditors (current US$)","DT.IXA.OFFT.CD","","","","","","","","","","","","","","","","","","","","","","","","","","","","","","","","","","","","","","","","","","","","","","","","","","","","","","",
"Europe & Central Asia (developing only)","ECA","Interest arrears, official creditors (current US$)","DT.IXA.OFFT.CD","","","","","","","","","","","0","0","0","0","0","0","0","0","0","28381000","11459000","7437000","6822000","6259000","5642000","0","0","0","0","0","5015000","22887000","108317000","309426000","703107000","760207000","556495000","557386000","1331977000","1847497000","2620489000","3225789000","248215000","265195000","262222000","287894000","57688000","59001000","54901000","10647000","20727000","12349000","13182000","",
"Europe & Central Asia (all income levels)","ECS","Interest arrears, official creditors (current US$)","DT.IXA.OFFT.CD","","","","","","","","","","","","","","","","","","","","","","","","","","","","","","","","","","","","","","","","","","","","","","","","","","","","","","",
"Ecuador","ECU","Interest arrears, official creditors (current US$)","DT.IXA.OFFT.CD","","","","","","","","","","","0","0","0","0","0","0","0","0","0","0","0","0","0","0","1285000","2044000","7320000","78014000","11188000","690000","9538000","88573000","21245000","88121000","2721000","7684000","61049000","75088000","75696000","74139000","978000","736000","566000","312000","787000","468000","305000","256000","240000","210000","181000","8875000","7613000","",
"Egypt, Arab Rep.","EGY","Interest arrears, official creditors (current US$)","DT.IXA.OFFT.CD","","","","","","","","","","","0","0","8675000","1424000","2683000","4364000","88011000","61190000","78468000","315987000","383064000","464602000","620731000","811721000","987604000","1204981000","2098223000","1695216000","2276743000","2966306000","872466000","631000","510000","511000","541000","1974000","1210000","2346000","72000","50000","68000","67000","65000","321000","862000","1572000","1000","1000","1000","1000","0","0","0","",
"Euro area","EMU","Interest arrears, official creditors (current US$)","DT.IXA.OFFT.CD","","","","","","","","","","","","","","","","","","","","","","","","","","","","","","","","","","","","","","","","","","","","","","","","","","","","","","",
"Eritrea","ERI","Interest arrears, official creditors (current US$)","DT.IXA.OFFT.CD","","","","","","","","","","","","","","","","","","","","","","","","","","","","","","","","","","","0","0","0","0","0","0","1950000","899000","929000","2444000","1706000","1391000","3560000","3249000","3785000","4989000","5140000","6162000","11436000","",
"Spain","ESP","Interest arrears, official creditors (current US$)","DT.IXA.OFFT.CD","","","","","","","","","","","","","","","","","","","","","","","","","","","","","","","","","","","","","","","","","","","","","","","","","","","","","","",
"Estonia","EST","Interest arrears, official creditors (current US$)","DT.IXA.OFFT.CD","","","","","","","","","","","","","","","","","","","","","","","","","","","","","","","","","","","","","","","","","","","","","","","","","","","","","","",
"Ethiopia","ETH","Interest arrears, official creditors (current US$)","DT.IXA.OFFT.CD","","","","","","","","","","","0","0","0","28000","14000","6000","0","0","0","229000","225000","327000","606000","477000","450000","0","0","2088000","1031000","15149000","39454000","154155000","246590000","322393000","374184000","417667000","460148000","524380000","584290000","57544000","59915000","42986000","41208000","36399000","34414000","34535000","34616000","30730000","30637000","30637000","28696000","28696000","24803000","",
"European Union","EUU","Interest arrears, official creditors (current US$)","DT.IXA.OFFT.CD","","","","","","","","","","","","","","","","","","","","","","","","","","","","","","","","","","","","","","","","","","","","","","","","","","","","","","",
"Finland","FIN","Interest arrears, official creditors (current US$)","DT.IXA.OFFT.CD","","","","","","","","","","","","","","","","","","","","","","","","","","","","","","","","","","","","","","","","","","","","","","","","","","","","","","",
"Fiji","FJI","Interest arrears, official creditors (current US$)","DT.IXA.OFFT.CD","","","","","","","","","","","0","0","0","0","0","0","30000","194000","0","216000","298000","0","0","0","0","0","0","0","0","0","19000","46000","65000","81000","111000","139000","150000","148000","203000","195000","199000","214000","379000","346000","400000","370000","993000","236000","331000","30000","43000","106000","136000","",
"France","FRA","Interest arrears, official creditors (current US$)","DT.IXA.OFFT.CD","","","","","","","","","","","","","","","","","","","","","","","","","","","","","","","","","","","","","","","","","","","","","","","","","","","","","","",
"Faeroe Islands","FRO","Interest arrears, official creditors (current US$)","DT.IXA.OFFT.CD","","","","","","","","","","","","","","","","","","","","","","","","","","","","","","","","","","","","","","","","","","","","","","","","","","","","","","",
"Micronesia, Fed. Sts.","FSM","Interest arrears, official creditors (current US$)","DT.IXA.OFFT.CD","","","","","","","","","","","","","","","","","","","","","","","","","","","","","","","","","","","","","","","","","","","","","","","","","","","","","","",
"Gabon","GAB","Interest arrears, official creditors (current US$)","DT.IXA.OFFT.CD","","","","","","","","","","","0","0","0","0","0","0","0","0","0","0","28000","112000","0","0","0","6000","10965000","497000","8991000","36068000","110948000","220015000","210074000","360469000","35834000","25000","244000","0","77362000","91830000","58682000","3597000","12294000","261620000","179958000","183773000","334337000","7975000","2608000","612000","258000","20000","116000","",
"United Kingdom","GBR","Interest arrears, official creditors (current US$)","DT.IXA.OFFT.CD","","","","","","","","","","","","","","","","","","","","","","","","","","","","","","","","","","","","","","","","","","","","","","","","","","","","","","",
"Georgia","GEO","Interest arrears, official creditors (current US$)","DT.IXA.OFFT.CD","","","","","","","","","","","","","","","","","","","","","","","","","","","","","","","","","0","0","15099000","53710000","29547000","17617000","141000","678000","1208000","17835000","173000","7084000","7266000","11373000","7414000","7390000","7380000","7380000","7380000","7380000","7380000","",
"Ghana","GHA","Interest arrears, official creditors (current US$)","DT.IXA.OFFT.CD","","","","","","","","","","","0","0","5868000","9716000","5079000","3565000","1274000","5273000","9965000","6261000","3642000","8826000","11148000","6855000","10150000","13817000","15120000","16756000","18588000","30405000","45123000","17831000","16771000","20333000","19283000","20728000","1062000","2856000","2416000","3025000","7083000","3822000","7694000","8382000","10900000","5249000","12068000","5072000","3611000","4711000","10499000","19157000","19300000","",
"Guinea","GIN","Interest arrears, official creditors (current US$)","DT.IXA.OFFT.CD","","","","","","","","","","","0","0","7369000","11213000","13917000","16608000","21287000","24759000","26859000","24303000","23684000","20850000","22269000","24739000","25265000","26657000","18746000","29757000","68766000","23135000","50588000","71600000","41546000","59874000","91414000","74296000","92532000","89209000","98349000","55959000","77287000","70002000","73088000","75421000","77800000","80292000","86425000","90893000","35203000","35812000","53117000","77505000","36910000","",
"Gambia, The","GMB","Interest arrears, official creditors (current US$)","DT.IXA.OFFT.CD","","","","","","","","","","","0","0","0","0","0","0","0","15000","38000","40000","194000","307000","520000","1154000","1765000","4140000","2589000","2376000","2309000","1644000","632000","504000","575000","606000","609000","661000","186000","228000","187000","47000","43000","4000","407000","2769000","2916000","1387000","869000","617000","1838000","2095000","1926000","1041000","1616000","",
"Guinea-Bissau","GNB","Interest arrears, official creditors (current US$)","DT.IXA.OFFT.CD","","","","","","","","","","","0","0","0","0","0","0","107000","217000","428000","674000","910000","1474000","1769000","1935000","2481000","4180000","6869000","9759000","13651000","18519000","27553000","37166000","50757000","60507000","73929000","83018000","62813000","63977000","73513000","80693000","87420000","88542000","106582000","119709000","117513000","118659000","126295000","142428000","144454000","147506000","125631000","33123000","33056000","",
"Equatorial Guinea","GNQ","Interest arrears, official creditors (current US$)","DT.IXA.OFFT.CD","","","","","","","","","","","","","","","","","","","","","","","","","","","","","","","","","","","","","","","","","","","","","","","","","","","","","","",
"Greece","GRC","Interest arrears, official creditors (current US$)","DT.IXA.OFFT.CD","","","","","","","","","","","","","","","","","","","","","","","","","","","","","","","","","","","","","","","","","","","","","","","","","","","","","","",
"Grenada","GRD","Interest arrears, official creditors (current US$)","DT.IXA.OFFT.CD","","","","","","","","","","","0","0","0","0","0","0","0","0","0","0","0","0","0","524000","835000","1648000","2217000","3103000","3276000","4306000","6511000","7497000","6195000","6210000","6396000","6320000","6880000","963000","1565000","2465000","1592000","2881000","2840000","3433000","3996000","1496000","2581000","3456000","5479000","7012000","7753000","8374000","11844000","",
"Greenland","GRL","Interest arrears, official creditors (current US$)","DT.IXA.OFFT.CD","","","","","","","","","","","","","","","","","","","","","","","","","","","","","","","","","","","","","","","","","","","","","","","","","","","","","","",
"Guatemala","GTM","Interest arrears, official creditors (current US$)","DT.IXA.OFFT.CD","","","","","","","","","","","0","0","0","0","0","0","0","0","0","0","0","0","0","0","1417000","6271000","9311000","18153000","30613000","44174000","50162000","29837000","29972000","18106000","20715000","22330000","22312000","17823000","14681000","15616000","13738000","686000","684000","0","0","0","0","0","0","0","0","0","0","",
"Guam","GUM","Interest arrears, official creditors (current US$)","DT.IXA.OFFT.CD","","","","","","","","","","","","","","","","","","","","","","","","","","","","","","","","","","","","","","","","","","","","","","","","","","","","","","",
"Guyana","GUY","Interest arrears, official creditors (current US$)","DT.IXA.OFFT.CD","","","","","","","","","","","0","0","0","0","0","0","836000","2122000","3413000","4860000","5084000","8100000","15728000","21675000","27253000","39140000","49863000","63889000","74796000","83257000","39796000","25700000","38593000","22109000","48147000","114123000","48062000","65331000","58775000","59486000","59308000","57524000","61045000","63968000","71372000","72576000","76067000","82597000","85527000","86139000","92149000","95532000","99015000","",
"High income","HIC","Interest arrears, official creditors (current US$)","DT.IXA.OFFT.CD","","","","","","","","","","","","","","","","","","","","","","","","","","","","","","","","","","","","","","","","","","","","","","","","","","","","","","",
"Hong Kong SAR, China","HKG","Interest arrears, official creditors (current US$)","DT.IXA.OFFT.CD","","","","","","","","","","","","","","","","","","","","","","","","","","","","","","","","","","","","","","","","","","","","","","","","","","","","","","",
"Honduras","HND","Interest arrears, official creditors (current US$)","DT.IXA.OFFT.CD","","","","","","","","","","","0","0","0","0","0","0","0","0","9000","579000","0","0","2019000","3418000","4765000","7699000","16391000","37358000","43989000","62467000","35302000","38826000","30062000","41579000","39417000","31400000","36169000","37925000","35036000","15424000","9182000","2415000","34029000","50046000","44298000","10116000","3842000","3834000","1174000","7976000","9206000","3447000","2712000","",
"Heavily indebted poor countries (HIPC)","HPC","Interest arrears, official creditors (current US$)","DT.IXA.OFFT.CD","","","","","","","","","","","","","","","","","","","","","","","","","","","","","","","","","","","","","","","","","","","","","","","","","","","","","","",
"Croatia","HRV","Interest arrears, official creditors (current US$)","DT.IXA.OFFT.CD","","","","","","","","","","","","","","","","","","","","","","","","","","","","","","","","","","","","","","","","","","","","","","","","","","","","","","",
"Haiti","HTI","Interest arrears, official creditors (current US$)","DT.IXA.OFFT.CD","","","","","","","","","","","0","0","0","0","0","990000","0","0","0","0","0","150000","349000","524000","2173000","1910000","3154000","3498000","5540000","7425000","13679000","2695000","9399000","15940000","20158000","1048000","1118000","1187000","894000","959000","1046000","3635000","7524000","21285000","27890000","14659000","18041000","0","0","0","72000","0","0","",
"Hungary","HUN","Interest arrears, official creditors (current US$)","DT.IXA.OFFT.CD","","","","","","","","","","","","","","","","","","","","","","","0","0","0","0","0","0","0","0","0","0","0","0","0","0","0","0","0","0","0","0","0","0","0","0","0","0","0","0","0","0","0","",
"Indonesia","IDN","Interest arrears, official creditors (current US$)","DT.IXA.OFFT.CD","","","","","","","","","","","0","0","7779000","0","0","0","0","0","0","0","0","0","0","0","0","0","0","0","0","0","0","0","0","0","0","0","0","0","0","0","5024000","5024000","5024000","2747000","0","0","0","0","0","0","0","0","0","",
"Isle of Man","IMN","Interest arrears, official creditors (current US$)","DT.IXA.OFFT.CD","","","","","","","","","","","","","","","","","","","","","","","","","","","","","","","","","","","","","","","","","","","","","","","","","","","","","","",
"India","IND","Interest arrears, official creditors (current US$)","DT.IXA.OFFT.CD","","","","","","","","","","","0","0","0","0","0","0","0","0","0","0","0","0","0","0","0","0","0","0","0","0","0","0","0","0","0","0","0","0","0","0","0","0","0","0","0","0","0","0","0","0","0","0","0","",
"Not classified","INX","Interest arrears, official creditors (current US$)","DT.IXA.OFFT.CD","","","","","","","","","","","","","","","","","","","","","","","","","","","","","","","","","","","","","","","","","","","","","","","","","","","","","","",
"Ireland","IRL","Interest arrears, official creditors (current US$)","DT.IXA.OFFT.CD","","","","","","","","","","","","","","","","","","","","","","","","","","","","","","","","","","","","","","","","","","","","","","","","","","","","","","",
"Iran, Islamic Rep.","IRN","Interest arrears, official creditors (current US$)","DT.IXA.OFFT.CD","","","","","","","","","","","","0","0","0","0","0","0","0","0","0","27000","1108000","2103000","2941000","3677000","4327000","4911000","5411000","5805000","6114000","6366000","431000","408000","0","0","1916000","0","0","0","0","0","0","0","0","0","0","0","0","0","0","0","0","0","",
"Iraq","IRQ","Interest arrears, official creditors (current US$)","DT.IXA.OFFT.CD","","","","","","","","","","","","","","","","","","","","","","","","","","","","","","","","","","","","","","","","","","","","","","","","","","","","","","",
"Iceland","ISL","Interest arrears, official creditors (current US$)","DT.IXA.OFFT.CD","","","","","","","","","","","","","","","","","","","","","","","","","","","","","","","","","","","","","","","","","","","","","","","","","","","","","","",
"Israel","ISR","Interest arrears, official creditors (current US$)","DT.IXA.OFFT.CD","","","","","","","","","","","","","","","","","","","","","","","","","","","","","","","","","","","","","","","","","","","","","","","","","","","","","","",
"Italy","ITA","Interest arrears, official creditors (current US$)","DT.IXA.OFFT.CD","","","","","","","","","","","","","","","","","","","","","","","","","","","","","","","","","","","","","","","","","","","","","","","","","","","","","","",
"Jamaica","JAM","Interest arrears, official creditors (current US$)","DT.IXA.OFFT.CD","","","","","","","","","","","0","0","0","18000","37000","0","0","0","0","0","0","1553000","5215000","32101000","26641000","17617000","37416000","28378000","45485000","93033000","85223000","84078000","87045000","92928000","87434000","82350000","78788000","61582000","62266000","107482000","116235000","87061000","82370000","89171000","100285000","134600000","145117000","151547000","137185000","165528000","155654000","153439000","150047000","",
"Jordan","JOR","Interest arrears, official creditors (current US$)","DT.IXA.OFFT.CD","","","","","","","","","","","0","0","1793000","728000","1436000","2094000","3504000","4368000","4507000","5248000","5349000","5298000","6135000","6067000","6107000","528000","572000","1044000","5929000","4028000","30120000","42727000","44160000","42750000","49992000","63025000","81237000","81707000","80664000","91567000","102392000","35990000","35812000","258000","204000","234000","922000","204000","266000","285000","324000","1285000","497000","",
"Japan","JPN","Interest arrears, official creditors (current US$)","DT.IXA.OFFT.CD","","","","","","","","","","","","","","","","","","","","","","","","","","","","","","","","","","","","","","","","","","","","","","","","","","","","","","",
"Kazakhstan","KAZ","Interest arrears, official creditors (current US$)","DT.IXA.OFFT.CD","","","","","","","","","","","","","","","","","","","","","","","","","","","","","","","","","0","667000","80199000","161719000","0","0","0","0","0","0","0","0","0","0","0","0","0","0","0","0","0","",
"Kenya","KEN","Interest arrears, official creditors (current US$)","DT.IXA.OFFT.CD","","","","","","","","","","","0","0","0","0","0","0","10000","0","0","0","2382000","4251000","5574000","6412000","7030000","10765000","17007000","26705000","29391000","37461000","48718000","59321000","62145000","58985000","18157000","22770000","7232000","17729000","25068000","40931000","18082000","19819000","38956000","18279000","1405000","3503000","6711000","17689000","16636000","10063000","7807000","15095000","1392000","",
"Kyrgyz Republic","KGZ","Interest arrears, official creditors (current US$)","DT.IXA.OFFT.CD","","","","","","","","","","","","","","","","","","","","","","","","","","","","","","","","","0","124000","12831000","10775000","483000","20000","0","10396000","8981000","3433000","1442000","1488000","2990000","3060000","5098000","7058000","5767000","1925000","11527000","3303000","3844000","",
"Cambodia","KHM","Interest arrears, official creditors (current US$)","DT.IXA.OFFT.CD","","","","","","","","","","","","","","","","","","","","","","120000","140000","160000","180000","200000","220000","220000","526000","91821000","102272000","109758000","108535000","99106000","105114000","89900000","93629000","99000000","105803000","108618000","131499000","144591000","191930000","206990000","228057000","243355000","173061000","163831000","196895000","207616000","214742000","220820000","209279000","",
"Kiribati","KIR","Interest arrears, official creditors (current US$)","DT.IXA.OFFT.CD","","","","","","","","","","","","","","","","","","","","","","","","","","","","","","","","","","","","","","","","","","","","","","","","","","","","","","",
"St. Kitts and Nevis","KNA","Interest arrears, official creditors (current US$)","DT.IXA.OFFT.CD","","","","","","","","","","","","","","","","","","","","","","","","","","","","","","","","","","","","","","","","","","","","","","","","","","","","","","",
"Korea, Rep.","KOR","Interest arrears, official creditors (current US$)","DT.IXA.OFFT.CD","","","","","","","","","","","","","","","","","","","","","","","","","","","","","","","","","","","","","","","","","","","","","","","","","","","","","","",
"Kosovo","KSV","Interest arrears, official creditors (current US$)","DT.IXA.OFFT.CD","","","","","","","","","","","","","","","","","","","","","","","","","","","","","","","","","","","","","","","","","","","","","","","","","","0","0","0","0","",
"Kuwait","KWT","Interest arrears, official creditors (current US$)","DT.IXA.OFFT.CD","","","","","","","","","","","","","","","","","","","","","","","","","","","","","","","","","","","","","","","","","","","","","","","","","","","","","","",
"Latin America & Caribbean (developing only)","LAC","Interest arrears, official creditors (current US$)","DT.IXA.OFFT.CD","","","","","","","","","","","0","0","1210000","298000","274000","1403000","1477000","2972000","9169000","13682000","15978000","42171000","93686000","235802000","556358000","745484000","1214301000","1810922000","2400719000","3179131000","3884926000","2952149000","2684865000","3831142000","3730255000","3580833000","2033695000","1810089000","1295152000","1305650000","1157911000","739676000","839519000","1087382000","1173051000","1201918000","1532430000","1597526000","1627868000","1674895000","1684718000","1701221000","1703500000","",
"Lao PDR","LAO","Interest arrears, official creditors (current US$)","DT.IXA.OFFT.CD","","","","","","","","","","","0","0","0","0","30000","56000","84000","34000","70000","295000","613000","701000","789000","810000","848000","1242000","1702000","2356000","178000","2000","161000","158000","147000","0","0","0","89000","84000","169000","242000","301000","0","0","0","0","0","0","0","0","0","0","0","0","",
"Lebanon","LBN","Interest arrears, official creditors (current US$)","DT.IXA.OFFT.CD","","","","","","","","","","","0","0","0","0","0","0","0","0","0","0","0","0","0","0","0","149000","1044000","2925000","7298000","11596000","16401000","12057000","4253000","4037000","2055000","194000","20000","0","0","0","0","0","0","0","0","0","0","0","0","0","0","0","0","",
"Liberia","LBR","Interest arrears, official creditors (current US$)","DT.IXA.OFFT.CD","","","","","","","","","","","0","0","77000","88000","196000","47000","54000","126000","353000","297000","847000","2515000","4349000","6105000","9342000","23373000","69309000","147138000","167665000","185978000","250559000","342470000","328570000","349517000","389995000","458545000","467133000","466370000","506513000","516587000","608604000","794284000","891214000","1037173000","1117720000","1240876000","1383344000","1054130000","96937000","91604000","442000","12195000","12009000","",
"Libya","LBY","Interest arrears, official creditors (current US$)","DT.IXA.OFFT.CD","","","","","","","","","","","","","","","","","","","","","","","","","","","","","","","","","","","","","","","","","","","","","","","","","","","","","","",
"St. Lucia","LCA","Interest arrears, official creditors (current US$)","DT.IXA.OFFT.CD","","","","","","","","","","","","","","","","","","","","","","0","0","0","0","0","0","0","0","53000","830000","8000","5000","4000","11000","0","0","0","0","0","0","0","0","0","1000","0","0","318000","129000","1095000","1327000","2244000","1583000","",
"Latin America & Caribbean (all income levels)","LCN","Interest arrears, official creditors (current US$)","DT.IXA.OFFT.CD","","","","","","","","","","","","","","","","","","","","","","","","","","","","","","","","","","","","","","","","","","","","","","","","","","","","","","",
"Least developed countries: UN classification","LDC","Interest arrears, official creditors (current US$)","DT.IXA.OFFT.CD","","","","","","","","","","","","","","","","","","","","","","","","","","","","","","","","","","","","","","","","","","","","","","","","","","","","","","",
"Low income","LIC","Interest arrears, official creditors (current US$)","DT.IXA.OFFT.CD","","","","","","","","","","","1646000","0","83942000","159192000","225216000","317221000","441589000","701873000","1087591000","1118961000","1555932000","1772376000","2100816000","2397755000","2680135000","3972270000","510765000","784303000","1244920000","1316578000","1810489000","2833944000","3627734000","4530850000","5531591000","6310999000","6272835000","5880709000","6515670000","6029741000","6372730000","6606205000","4429828000","5092996000","5447831000","5499063000","5799403000","5671164900","4743263200","5007908700","4931078800","4692762500","4032717200","",
"Liechtenstein","LIE","Interest arrears, official creditors (current US$)","DT.IXA.OFFT.CD","","","","","","","","","","","","","","","","","","","","","","","","","","","","","","","","","","","","","","","","","","","","","","","","","","","","","","",
"Sri Lanka","LKA","Interest arrears, official creditors (current US$)","DT.IXA.OFFT.CD","","","","","","","","","","","0","0","0","0","0","0","0","0","0","0","0","0","0","0","0","0","0","0","0","0","0","0","0","0","0","0","14530000","17551000","17309000","17895000","13889000","12015000","9636000","0","0","0","0","0","0","17000","31000","45000","0","",
"Lower middle income","LMC","Interest arrears, official creditors (current US$)","DT.IXA.OFFT.CD","","","","","","","","","","","0","0","25649000","15573000","14619000","15950000","104338000","99707000","143401000","377777000","470095000","659683000","944802000","1363595000","1889619000","2667189000","4012337000","4884017000","6332311000","9000535000","8521073000","7895325000","9967790000","12253835000","14140802000","15798890000","15634692000","14362353000","15847211000","15503766000","7342386000","7758466000","9001593000","10856719000","11746755000","5527826000","5860293000","6358585000","6233546000","5633573000","5622656000","5721164000","6074006000","",
"Low & middle income","LMY","Interest arrears, official creditors (current US$)","DT.IXA.OFFT.CD","","","","","","","","","","","1646000","0","112469000","175760000","241545000","335563000","549946000","806904000","1236999000","1532539000","2047522000","2469052000","3105184000","3900687000","4915416000","6961599000","5241805000","6774677000","9187947000","12475283000","13186999000","13279755000","15856729000","20468773000","22763667000","25029652000","24097075000","22146557000","24590161000","24278460000","16966777000","17977715000","14335872000","17310010000","18747710000","12616717000","13160393000","13187967900","12152173200","11817653700","11660802800","11524706500","11208422200","",
"Lesotho","LSO","Interest arrears, official creditors (current US$)","DT.IXA.OFFT.CD","","","","","","","","","","","0","0","0","0","0","0","0","0","0","1000","0","0","0","0","0","26000","0","0","0","0","465000","78000","263000","494000","499000","0","0","0","63000","0","0","0","0","0","0","0","0","0","0","2000","0","0","0","",
"Lithuania","LTU","Interest arrears, official creditors (current US$)","DT.IXA.OFFT.CD","","","","","","","","","","","","","","","","","","","","","","","","","","","","","","","","","","","","","","","","","","","","","","","","","","","","","","",
"Luxembourg","LUX","Interest arrears, official creditors (current US$)","DT.IXA.OFFT.CD","","","","","","","","","","","","","","","","","","","","","","","","","","","","","","","","","","","","","","","","","","","","","","","","","","","","","","",
"Latvia","LVA","Interest arrears, official creditors (current US$)","DT.IXA.OFFT.CD","","","","","","","","","","","","","","","","","","","","","","","","","","","","","","","","","","","","","","","","","","","","","","","","","","","","","","",
"Macao SAR, China","MAC","Interest arrears, official creditors (current US$)","DT.IXA.OFFT.CD","","","","","","","","","","","","","","","","","","","","","","","","","","","","","","","","","","","","","","","","","","","","","","","","","","","","","","",
"St. Martin (French part)","MAF","Interest arrears, official creditors (current US$)","DT.IXA.OFFT.CD","","","","","","","","","","","","","","","","","","","","","","","","","","","","","","","","","","","","","","","","","","","","","","","","","","","","","","",
"Morocco","MAR","Interest arrears, official creditors (current US$)","DT.IXA.OFFT.CD","","","","","","","","","","","0","0","134000","148000","109000","0","0","7000","0","0","2473000","2137000","5033000","12311000","41024000","57770000","159102000","241492000","168047000","139631000","182416000","152986000","98731000","99968000","91027000","91840000","95073000","107728000","109078000","119269000","121520000","121364000","121368000","10691000","10773000","0","0","0","2000","0","0","0","0","",
"Monaco","MCO","Interest arrears, official creditors (current US$)","DT.IXA.OFFT.CD","","","","","","","","","","","","","","","","","","","","","","","","","","","","","","","","","","","","","","","","","","","","","","","","","","","","","","",
"Moldova","MDA","Interest arrears, official creditors (current US$)","DT.IXA.OFFT.CD","","","","","","","","","","","","","","","","","","","","","","","","","","","","","","","","","0","868000","7051000","4963000","790000","393000","12973000","14450000","12993000","4150000","6702000","10767000","10649000","26363000","0","0","0","0","0","0","0","",
"Madagascar","MDG","Interest arrears, official creditors (current US$)","DT.IXA.OFFT.CD","","","","","","","","","","","0","0","0","0","109000","114000","109000","119000","149000","280000","1901000","2061000","8594000","24382000","26148000","26684000","58049000","49910000","124924000","93139000","115686000","164505000","247798000","316555000","408226000","467888000","479943000","138276000","135567000","135886000","189720000","132737000","128805000","130487000","75619000","71702000","185471000","188685000","187897000","188518000","187972000","187916000","191899000","",
"Maldives","MDV","Interest arrears, official creditors (current US$)","DT.IXA.OFFT.CD","","","","","","","","","","","","","","","","","","","11000","15000","0","0","0","0","0","0","0","0","0","0","0","0","0","0","0","0","0","0","0","0","0","0","0","0","450000","162000","176000","2000","773000","886000","2028000","1190000","2674000","",
"Middle East & North Africa (all income levels)","MEA","Interest arrears, official creditors (current US$)","DT.IXA.OFFT.CD","","","","","","","","","","","","","","","","","","","","","","","","","","","","","","","","","","","","","","","","","","","","","","","","","","","","","","",
"Mexico","MEX","Interest arrears, official creditors (current US$)","DT.IXA.OFFT.CD","","","","","","","","","","","0","0","0","0","0","0","0","0","145000","0","0","0","75000","0","0","0","0","0","0","0","0","0","0","0","0","0","0","0","0","0","0","0","0","0","0","0","0","0","0","0","0","0","0","",
"Marshall Islands","MHL","Interest arrears, official creditors (current US$)","DT.IXA.OFFT.CD","","","","","","","","","","","","","","","","","","","","","","","","","","","","","","","","","","","","","","","","","","","","","","","","","","","","","","",
"Middle income","MIC","Interest arrears, official creditors (current US$)","DT.IXA.OFFT.CD","","","","","","","","","","","0","0","28527000","16568000","16329000","18342000","108357000","105031000","149408000","413578000","491590000","696676000","1004368000","1502932000","2235281000","2989329000","4731040000","5990374000","7943027000","11158705000","11376510000","10445811000","12228995000","15937923000","17232076000","18718653000","17824240000","16265848000","18074491000","18248719000","10594047000","11371510000","9906044000","12217014000","13299879000","7117654000","7360990000","7516803000","7408910000","6809745000","6729724000","6831944000","7175705000","",
"Macedonia, FYR","MKD","Interest arrears, official creditors (current US$)","DT.IXA.OFFT.CD","","","","","","","","","","","","","","","","","","","","","","","","","","","","","","","","","","19546000","29962000","25600000","19255000","260000","1516000","3000","1583000","7181000","9825000","1321000","1358000","160000","0","0","19000","47000","154000","0","0","",
"Mali","MLI","Interest arrears, official creditors (current US$)","DT.IXA.OFFT.CD","","","","","","","","","","","1646000","0","2143000","1598000","186000","505000","1336000","1239000","1613000","590000","806000","1183000","1220000","1922000","7615000","3780000","6979000","10675000","2354000","1126000","8804000","24166000","25739000","17388000","20770000","27717000","32533000","42600000","41721000","43896000","41867000","56520000","6760000","6425000","6469000","6370000","6336000","6354000","6782000","743000","94000","17979000","25639000","",
"Malta","MLT","Interest arrears, official creditors (current US$)","DT.IXA.OFFT.CD","","","","","","","","","","","","","","","","","","","","","","","","","","","","","","","","","","","","","","","","","","","","","","","","","","","","","","",
"Myanmar","MMR","Interest arrears, official creditors (current US$)","DT.IXA.OFFT.CD","","","","","","","","","","","0","0","0","0","0","0","30000","62000","96000","130000","164000","198000","232000","229000","227000","227000","227000","22913000","70099000","93742000","169304000","203422000","286635000","299473000","312614000","284769000","305082000","332467000","400934000","459023000","442023000","455495000","583918000","703433000","739432000","695636000","736374000","878328000","882094000","939560000","1052391000","1066324000","274935000","",
"Middle East & North Africa (developing only)","MNA","Interest arrears, official creditors (current US$)","DT.IXA.OFFT.CD","","","","","","","","","","","0","0","12235000","4746000","7868000","11568000","98543000","74040000","94640000","335704000","409009000","496010000","662095000","870414000","1092520000","1345475000","2373098000","2100546000","2687924000","3436631000","1749638000","1153874000","1415878000","1737450000","2037599000","2345826000","2593185000","2542066000","2731985000","2477490000","2529589000","2618147000","2688112000","2676774000","2525395000","297142000","306067000","254712000","258033000","324217000","341341000","350517000","457498000","",
"Montenegro","MNE","Interest arrears, official creditors (current US$)","DT.IXA.OFFT.CD","","","","","","","","","","","","","","","","","","","","","","","","","","","","","","","","","","","","","","","","","","","","","","","0","0","0","0","0","0","0","",
"Mongolia","MNG","Interest arrears, official creditors (current US$)","DT.IXA.OFFT.CD","","","","","","","","","","","","","","","","","","","","","","","","","","","","","","","","","41000","163000","120000","0","0","0","0","824000","1560000","3258000","3014000","3191000","0","0","0","0","0","0","0","0","116000","",
"Northern Mariana Islands","MNP","Interest arrears, official creditors (current US$)","DT.IXA.OFFT.CD","","","","","","","","","","","","","","","","","","","","","","","","","","","","","","","","","","","","","","","","","","","","","","","","","","","","","","",
"Mozambique","MOZ","Interest arrears, official creditors (current US$)","DT.IXA.OFFT.CD","","","","","","","","","","","","","","","","","","","","","","","","","3971000","24642000","98492000","91266000","90374000","119384000","74806000","99562000","134315000","143066000","164780000","243579000","160329000","198514000","247422000","167891000","402056000","275096000","305156000","361271000","418601000","519821000","490355000","379270000","442578000","457235000","372352000","4714000","17522000","",
"Mauritania","MRT","Interest arrears, official creditors (current US$)","DT.IXA.OFFT.CD","","","","","","","","","","","0","0","103000","173000","86000","194000","181000","698000","4002000","5912000","8998000","9117000","15678000","23018000","39611000","18220000","24149000","32631000","46623000","38730000","56547000","76642000","99959000","92637000","70168000","76559000","81149000","85784000","84461000","129846000","112033000","93388000","101981000","110096000","93695000","109024000","128625000","128158000","134799000","133739000","76318000","76799000","76190000","",
"Mauritius","MUS","Interest arrears, official creditors (current US$)","DT.IXA.OFFT.CD","","","","","","","","","","","0","0","0","0","0","0","0","100000","0","0","165000","45000","0","0","16000","0","0","0","103000","32000","1185000","2190000","2128000","2104000","838000","732000","57000","0","0","0","0","0","0","0","0","0","0","0","0","0","0","121000","6218000","",
"Malawi","MWI","Interest arrears, official creditors (current US$)","DT.IXA.OFFT.CD","","","","","","","","","","","0","0","0","0","0","0","0","0","0","0","1479000","0","48000","0","0","719000","0","4369000","4586000","6775000","4012000","1502000","1681000","1492000","1815000","709000","3686000","2104000","11532000","21640000","34346000","21321000","29141000","34889000","28307000","34161000","0","0","0","0","0","0","0","",
"Malaysia","MYS","Interest arrears, official creditors (current US$)","DT.IXA.OFFT.CD","","","","","","","","","","","0","0","0","0","0","0","0","0","0","0","0","0","0","0","0","0","28000","31000","34000","35000","34000","35000","31000","29000","27000","0","0","0","0","0","0","0","0","0","0","0","0","0","0","0","0","0","0","",
"North America","NAC","Interest arrears, official creditors (current US$)","DT.IXA.OFFT.CD","","","","","","","","","","","","","","","","","","","","","","","","","","","","","","","","","","","","","","","","","","","","","","","","","","","","","","",
"Namibia","NAM","Interest arrears, official creditors (current US$)","DT.IXA.OFFT.CD","","","","","","","","","","","","","","","","","","","","","","","","","","","","","","","","","","","","","","","","","","","","","","","","","","","","","","",
"New Caledonia","NCL","Interest arrears, official creditors (current US$)","DT.IXA.OFFT.CD","","","","","","","","","","","","","","","","","","","","","","","","","","","","","","","","","","","","","","","","","","","","","","","","","","","","","","",
"Niger","NER","Interest arrears, official creditors (current US$)","DT.IXA.OFFT.CD","","","","","","","","","","","0","0","84000","204000","353000","201000","100000","86000","443000","265000","248000","391000","424000","1147000","1794000","811000","1929000","2382000","3047000","13803000","15787000","21526000","46318000","70433000","23907000","52840000","23472000","34453000","37206000","46486000","59577000","26900000","26505000","6887000","2896000","37534000","38275000","38304000","19007000","16555000","23401000","20588000","22996000","",
"Nigeria","NGA","Interest arrears, official creditors (current US$)","DT.IXA.OFFT.CD","","","","","","","","","","","0","0","500000","101000","21000","69000","0","90000","471000","0","69000","522000","918000","448000","1769000","12000000","0","271385000","413918000","63577000","464984000","179949000","1021224000","2064514000","3360731000","4210921000","4467702000","4482878000","5224385000","5109612000","43123000","414854000","1475145000","2607247000","3893347000","3100000","0","0","0","0","0","2000","0","",
"Nicaragua","NIC","Interest arrears, official creditors (current US$)","DT.IXA.OFFT.CD","","","","","","","","","","","0","0","0","43000","0","115000","156000","216000","4128000","2518000","4609000","6507000","15811000","66647000","158943000","294496000","339248000","506789000","559170000","806532000","1072729000","658857000","804491000","904914000","1252789000","1467189000","485289000","560908000","673119000","733836000","777744000","522159000","408908000","422621000","349777000","349969000","422239000","466656000","472054000","483890000","494752000","505780000","517526000","",
"Netherlands","NLD","Interest arrears, official creditors (current US$)","DT.IXA.OFFT.CD","","","","","","","","","","","","","","","","","","","","","","","","","","","","","","","","","","","","","","","","","","","","","","","","","","","","","","",
"High income: nonOECD","NOC","Interest arrears, official creditors (current US$)","DT.IXA.OFFT.CD","","","","","","","","","","","","","","","","","","","","","","","","","","","","","","","","","","","","","","","","","","","","","","","","","","","","","","",
"Norway","NOR","Interest arrears, official creditors (current US$)","DT.IXA.OFFT.CD","","","","","","","","","","","","","","","","","","","","","","","","","","","","","","","","","","","","","","","","","","","","","","","","","","","","","","",
"Nepal","NPL","Interest arrears, official creditors (current US$)","DT.IXA.OFFT.CD","","","","","","","","","","","0","0","0","0","0","0","0","0","0","0","0","0","0","0","0","0","901000","2073000","2572000","3689000","4351000","4367000","3590000","2517000","1614000","1744000","1608000","1395000","1494000","0","0","0","0","0","0","0","0","0","0","0","0","0","0","",
"New Zealand","NZL","Interest arrears, official creditors (current US$)","DT.IXA.OFFT.CD","","","","","","","","","","","","","","","","","","","","","","","","","","","","","","","","","","","","","","","","","","","","","","","","","","","","","","",
"High income: OECD","OEC","Interest arrears, official creditors (current US$)","DT.IXA.OFFT.CD","","","","","","","","","","","","","","","","","","","","","","","","","","","","","","","","","","","","","","","","","","","","","","","","","","","","","","",
"OECD members","OED","Interest arrears, official creditors (current US$)","DT.IXA.OFFT.CD","","","","","","","","","","","","","","","","","","","","","","","","","","","","","","","","","","","","","","","","","","","","","","","","","","","","","","",
"Oman","OMN","Interest arrears, official creditors (current US$)","DT.IXA.OFFT.CD","","","","","","","","","","","","","","","","","","","","","","","","","","","","","","","","","","","","","","","","","","","","","","","","","","","","","","",
"Other small states","OSS","Interest arrears, official creditors (current US$)","DT.IXA.OFFT.CD","","","","","","","","","","","","","","","","","","","","","","","","","","","","","","","","","","","","","","","","","","","","","","","","","","","","","","",
"Pakistan","PAK","Interest arrears, official creditors (current US$)","DT.IXA.OFFT.CD","","","","","","","","","","","0","0","0","0","0","0","0","0","0","0","0","0","0","0","0","0","0","0","0","1148000","717000","803000","0","0","0","0","0","0","143005000","0","0","0","0","0","0","0","0","0","0","0","0","0","0","",
"Panama","PAN","Interest arrears, official creditors (current US$)","DT.IXA.OFFT.CD","","","","","","","","","","","0","0","0","0","0","0","0","0","0","0","0","0","0","0","0","981000","243000","4960000","89700000","163434000","265847000","216318000","63842000","167018000","191978000","224968000","1090000","158000","0","0","0","0","0","0","0","0","0","0","0","0","0","0","0","",
"Peru","PER","Interest arrears, official creditors (current US$)","DT.IXA.OFFT.CD","","","","","","","","","","","0","0","0","0","0","0","0","0","0","0","0","0","7964000","21743000","99090000","232543000","436098000","683724000","1037650000","1154468000","1393990000","591299000","480538000","252119000","210925000","211084000","137950000","44454000","17750000","18860000","10539000","14336000","16328000","13922000","16064000","0","15791000","15757000","20937000","0","0","0","20000","",
"Philippines","PHL","Interest arrears, official creditors (current US$)","DT.IXA.OFFT.CD","","","","","","","","","","","0","0","0","0","0","0","0","0","0","0","0","0","0","1613000","3995000","1154000","974000","1018000","59893000","1972000","4479000","26874000","0","0","0","0","0","0","0","29000","0","0","0","0","0","0","0","0","0","0","0","0","0","",
"Palau","PLW","Interest arrears, official creditors (current US$)","DT.IXA.OFFT.CD","","","","","","","","","","","","","","","","","","","","","","","","","","","","","","","","","","","","","","","","","","","","","","","","","","","","","","",
"Papua New Guinea","PNG","Interest arrears, official creditors (current US$)","DT.IXA.OFFT.CD","","","","","","","","","","","0","0","0","0","0","0","0","0","0","0","0","0","0","0","0","0","0","0","0","0","0","0","0","0","0","0","0","0","0","0","0","0","0","0","0","0","0","0","0","0","0","0","0","",
"Poland","POL","Interest arrears, official creditors (current US$)","DT.IXA.OFFT.CD","","","","","","","","","","","","","","","","","","","","","","","","","","","","","","","","","","","","","","","","","","","","","","","","","","","","","","",
"Puerto Rico","PRI","Interest arrears, official creditors (current US$)","DT.IXA.OFFT.CD","","","","","","","","","","","","","","","","","","","","","","","","","","","","","","","","","","","","","","","","","","","","","","","","","","","","","","",
"Korea, Dem. Rep.","PRK","Interest arrears, official creditors (current US$)","DT.IXA.OFFT.CD","","","","","","","","","","","","","","","","","","","","","","","","","","","","","","","","","","","","","","","","","","","","","","","","","","","","","","",
"Portugal","PRT","Interest arrears, official creditors (current US$)","DT.IXA.OFFT.CD","","","","","","","","","","","","","","","","","","","","","","","","","","","","","","","","","","","","","","","","","","","","","","","","","","","","","","",
"Paraguay","PRY","Interest arrears, official creditors (current US$)","DT.IXA.OFFT.CD","","","","","","","","","","","0","0","0","0","0","0","0","0","205000","31000","93000","127000","303000","493000","858000","7283000","21470000","7703000","8455000","17104000","29007000","38832000","13423000","17005000","17996000","3978000","5864000","5913000","5664000","3672000","5166000","5333000","10208000","14489000","308000","0","0","0","0","0","0","0","0","",
"Pacific island small states","PSS","Interest arrears, official creditors (current US$)","DT.IXA.OFFT.CD","","","","","","","","","","","","","","","","","","","","","","","","","","","","","","","","","","","","","","","","","","","","","","","","","","","","","","",
"French Polynesia","PYF","Interest arrears, official creditors (current US$)","DT.IXA.OFFT.CD","","","","","","","","","","","","","","","","","","","","","","","","","","","","","","","","","","","","","","","","","","","","","","","","","","","","","","",
"Qatar","QAT","Interest arrears, official creditors (current US$)","DT.IXA.OFFT.CD","","","","","","","","","","","","","","","","","","","","","","","","","","","","","","","","","","","","","","","","","","","","","","","","","","","","","","",
"Romania","ROU","Interest arrears, official creditors (current US$)","DT.IXA.OFFT.CD","","","","","","","","","","","","","0","0","0","0","0","0","0","0","0","0","0","0","0","0","0","0","0","0","0","0","0","0","0","0","0","0","59000","59000","4091000","4215000","4444000","4874000","4882000","6318000","2418000","1734000","1519000","519000","890000","890000","1182000","",
"Russian Federation","RUS","Interest arrears, official creditors (current US$)","DT.IXA.OFFT.CD","","","","","","","","","","","","","","","","","","","","","","","","","","","","","","","","","","","","","","","","","","","","","","","","","","","","","","",
"Rwanda","RWA","Interest arrears, official creditors (current US$)","DT.IXA.OFFT.CD","","","","","","","","","","","0","0","0","0","0","0","5000","1000","0","8000","16000","0","0","0","14000","0","80000","305000","702000","1454000","1635000","2893000","5721000","9828000","15425000","17522000","19908000","28672000","15250000","15588000","16218000","15463000","15651000","15904000","15153000","13365000","12164000","10563000","719000","149000","127000","48000","55000","",
"South Asia","SAS","Interest arrears, official creditors (current US$)","DT.IXA.OFFT.CD","","","","","","","","","","","0","0","0","530000","46000","2023000","3211000","4046000","5249000","1165000","43000","44000","44000","45000","40000","53000","962000","2206000","2909000","6407000","8918000","10873000","13211000","16467000","22038000","29161000","29168000","33060000","176828000","33620000","30119000","54324000","64039000","8362000","8812000","29428000","18293000","20761900","19428200","22283700","70965800","213107500","223683200","",
"Saudi Arabia","SAU","Interest arrears, official creditors (current US$)","DT.IXA.OFFT.CD","","","","","","","","","","","","","","","","","","","","","","","","","","","","","","","","","","","","","","","","","","","","","","","","","","","","","","",
"Sudan","SDN","Interest arrears, official creditors (current US$)","DT.IXA.OFFT.CD","","","","","","","","","","","0","0","0","0","0","0","3386000","14070000","24502000","18929000","32811000","116483000","183120000","278786000","468693000","720313000","969737000","1382420000","1621385000","2776197000","3244152000","3578346000","3812958000","4099623000","4550423000","4748180000","4767075000","4721023000","4921615000","4875610000","3075645000","3144271000","3373412000","3817868000","4007898000","3807302000","4017504000","4224905000","4218173000","4389347000","4446440000","4531139000","4741956000","",
"Senegal","SEN","Interest arrears, official creditors (current US$)","DT.IXA.OFFT.CD","","","","","","","","","","","0","0","1000","3000","1000","2000","0","0","0","0","0","0","0","127000","10160000","12300000","1422000","1441000","2842000","9969000","3291000","81000","47870000","117685000","29559000","3579000","1382000","1421000","1370000","1238000","1149000","1035000","1553000","1534000","121000","76000","131000","0","0","11000","0","0","0","",
"Singapore","SGP","Interest arrears, official creditors (current US$)","DT.IXA.OFFT.CD","","","","","","","","","","","","","","","","","","","","","","","","","","","","","","","","","","","","","","","","","","","","","","","","","","","","","","",
"Solomon Islands","SLB","Interest arrears, official creditors (current US$)","DT.IXA.OFFT.CD","","","","","","","","","","","","","","","","","","","0","0","0","0","0","0","0","0","0","0","0","0","116000","19000","89000","0","0","477000","428000","1606000","1049000","1091000","404000","892000","2314000","1905000","1935000","2441000","3473000","1980000","274000","283000","252000","0","1000","",
"Sierra Leone","SLE","Interest arrears, official creditors (current US$)","DT.IXA.OFFT.CD","","","","","","","","","","","0","0","0","0","37000","28000","264000","830000","563000","2891000","3473000","5851000","9077000","12129000","11300000","18690000","10659000","19850000","40905000","57371000","82563000","112627000","45458000","46276000","12100000","6526000","5483000","6744000","18563000","26068000","35600000","5100000","909000","2565000","1436000","10476000","10727000","63000","3000","0","117000","0","0","",
"El Salvador","SLV","Interest arrears, official creditors (current US$)","DT.IXA.OFFT.CD","","","","","","","","","","","0","0","0","0","0","0","0","0","0","0","0","0","0","159000","372000","657000","2855000","4843000","9589000","23270000","10423000","10728000","16506000","9569000","4863000","4569000","5181000","1096000","575000","311000","0","0","0","0","0","0","0","0","0","0","0","0","0","",
"San Marino","SMR","Interest arrears, official creditors (current US$)","DT.IXA.OFFT.CD","","","","","","","","","","","","","","","","","","","","","","","","","","","","","","","","","","","","","","","","","","","","","","","","","","","","","","",
"Somalia","SOM","Interest arrears, official creditors (current US$)","DT.IXA.OFFT.CD","","","","","","","","","","","0","0","0","0","60000","270000","968000","2111000","3519000","5498000","7686000","12074000","7311000","13997000","23980000","34896000","63677000","64462000","128755000","180685000","249164000","305279000","353627000","406152000","470991000","503698000","516888000","518113000","545943000","548707000","553779000","588923000","628302000","685788000","708596000","692739000","729875000","770109000","776160000","792178000","794352000","801731000","809817000","",
"Serbia","SRB","Interest arrears, official creditors (current US$)","DT.IXA.OFFT.CD","","","","","","","","","","","0","0","0","0","0","0","0","0","0","0","0","0","0","0","0","0","0","0","0","0","0","246000","79124000","197149000","321999000","442588000","478273000","498681000","1284420000","1787652000","2520466000","3128766000","217748000","232754000","230337000","233734000","39294000","39294000","39294000","0","0","0","0","",
"Sub-Saharan Africa (developing only)","SSA","Interest arrears, official creditors (current US$)","DT.IXA.OFFT.CD","","","","","","","","","","","1646000","0","91245000","170184000","233314000","320478000","446516000","725481000","1127689000","1152859000","1609829000","1921953000","2340391000","2784246000","3254867000","4867324000","1650293000","2834419000","3961154000","5140222000","6402696000","7709824000","9830772000","12803325000","14137110000","15938964000","16247082000","15379859000","17003221000","16357523000","9971591000","10653100000","9632470000","12273203000","13756134000","9786266000","10331758000","10211473000","9108766000","8634325000","8273752000","7956342000","8324832000","",
"South Sudan","SSD","Interest arrears, official creditors (current US$)","DT.IXA.OFFT.CD","","","","","","","","","","","","","","","","","","","","","","","","","","","","","","","","","","","","","","","","","","","","","","","","","","","","","","",
"Sub-Saharan Africa (all income levels)","SSF","Interest arrears, official creditors (current US$)","DT.IXA.OFFT.CD","","","","","","","","","","","","","","","","","","","","","","","","","","","","","","","","","","","","","","","","","","","","","","","","","","","","","","",
"Small states","SST","Interest arrears, official creditors (current US$)","DT.IXA.OFFT.CD","","","","","","","","","","","","","","","","","","","","","","","","","","","","","","","","","","","","","","","","","","","","","","","","","","","","","","",
"Sao Tome and Principe","STP","Interest arrears, official creditors (current US$)","DT.IXA.OFFT.CD","","","","","","","","","","","","","","","","","","0","0","0","0","0","0","19000","158000","751000","1124000","2897000","4654000","6158000","7411000","8525000","9016000","15290000","14146000","5983000","6246000","7038000","9519000","17854000","11262000","12030000","13838000","15387000","16728000","14404000","14140000","8176000","8224000","8374000","5914000","5916000","7928000","",
"Suriname","SUR","Interest arrears, official creditors (current US$)","DT.IXA.OFFT.CD","","","","","","","","","","","","","","","","","","","","","","","","","","","","","","","","","","","","","","","","","","","","","","","","","","","","","","",
"Slovak Republic","SVK","Interest arrears, official creditors (current US$)","DT.IXA.OFFT.CD","","","","","","","","","","","","","","","","","","","","","","","","","","","","","","","","","","","","","","","","","","","","","","","","","","","","","","",
"Slovenia","SVN","Interest arrears, official creditors (current US$)","DT.IXA.OFFT.CD","","","","","","","","","","","","","","","","","","","","","","","","","","","","","","","","","","","","","","","","","","","","","","","","","","","","","","",
"Sweden","SWE","Interest arrears, official creditors (current US$)","DT.IXA.OFFT.CD","","","","","","","","","","","","","","","","","","","","","","","","","","","","","","","","","","","","","","","","","","","","","","","","","","","","","","",
"Swaziland","SWZ","Interest arrears, official creditors (current US$)","DT.IXA.OFFT.CD","","","","","","","","","","","0","0","0","0","0","0","0","0","0","0","0","0","0","0","0","0","27000","59000","129000","133000","133000","738000","1284000","1456000","2281000","458000","152000","105000","111000","37000","0","3000","4724000","11991000","14048000","15122000","18112000","5489000","14993000","23763000","31242000","43107000","39916000","",
"Sint Maarten (Dutch part)","SXM","Interest arrears, official creditors (current US$)","DT.IXA.OFFT.CD","","","","","","","","","","","","","","","","","","","","","","","","","","","","","","","","","","","","","","","","","","","","","","","","","","","","","","",
"Seychelles","SYC","Interest arrears, official creditors (current US$)","DT.IXA.OFFT.CD","","","","","","","","","","","","","","","","","","","","","0","0","1000","3000","105000","0","175000","542000","482000","333000","561000","399000","309000","360000","857000","639000","1233000","2880000","3244000","3067000","5036000","8391000","14252000","32974000","39275000","48785000","40158000","49574000","49738000","65234000","9436000","3139000","829000","",
"Syrian Arab Republic","SYR","Interest arrears, official creditors (current US$)","DT.IXA.OFFT.CD","","","","","","","","","","","0","0","1633000","2434000","3640000","5100000","6989000","8383000","11390000","14320000","17676000","21281000","25668000","31958000","42794000","57858000","79309000","111189000","171179000","228395000","510983000","779363000","1046399000","1324129000","1599940000","1867243000","2089618000","2295927000","2511131000","2235178000","2274271000","2432113000","2503270000","2582575000","2397897000","193019000","196352000","142198000","144546000","205631000","216554000","217517000","315963000","",
"Turks and Caicos Islands","TCA","Interest arrears, official creditors (current US$)","DT.IXA.OFFT.CD","","","","","","","","","","","","","","","","","","","","","","","","","","","","","","","","","","","","","","","","","","","","","","","","","","","","","","",
"Chad","TCD","Interest arrears, official creditors (current US$)","DT.IXA.OFFT.CD","","","","","","","","","","","0","0","59000","88000","255000","380000","675000","559000","1385000","3095000","4459000","4868000","1630000","1602000","1033000","10293000","11680000","13182000","12778000","5320000","4345000","7539000","10871000","13862000","16560000","8558000","7294000","6280000","7083000","8469000","9505000","6758000","7227000","7641000","8327000","5092000","6922000","4502000","2732000","2563000","5828000","5985000","6288000","",
"Togo","TGO","Interest arrears, official creditors (current US$)","DT.IXA.OFFT.CD","","","","","","","","","","","0","0","2000","5000","3000","0","0","571000","2144000","0","6536000","9727000","21860000","10000","0","0","2036000","24146000","154000","7000","622000","11043000","23892000","40623000","72612000","13018000","2894000","2987000","13903000","34568000","62649000","64906000","97417000","133998000","169821000","166744000","206651000","234305000","23838000","29968000","9909000","2802000","3594000","",
"Thailand","THA","Interest arrears, official creditors (current US$)","DT.IXA.OFFT.CD","","","","","","","","","","","0","0","0","0","0","0","0","0","0","0","0","0","0","0","0","0","0","0","0","0","0","0","0","0","0","0","0","0","0","0","0","0","0","0","0","0","0","0","2766000","3788000","1440000","3919000","1260000","",
"Tajikistan","TJK","Interest arrears, official creditors (current US$)","DT.IXA.OFFT.CD","","","","","","","","","","","","","","","","","","","","","","","","","","","","","","","","","0","307000","15960000","36954000","4508000","14767000","15574000","21231000","23104000","27249000","2861000","80000","80000","1844000","83000","0","0","0","0","0","0","",
"Turkmenistan","TKM","Interest arrears, official creditors (current US$)","DT.IXA.OFFT.CD","","","","","","","","","","","","","","","","","","","","","","","","","","","","","","","","","","0","4227000","4803000","7199000","3292000","4100000","2729000","3428000","7463000","3139000","4856000","4660000","5042000","3381000","3478000","776000","776000","776000","776000","776000","",
"Timor-Leste","TLS","Interest arrears, official creditors (current US$)","DT.IXA.OFFT.CD","","","","","","","","","","","","","","","","","","","","","","","","","","","","","","","","","","","","","","","","","","","","","","","","","","","","","","",
"Tonga","TON","Interest arrears, official creditors (current US$)","DT.IXA.OFFT.CD","","","","","","","","","","","","","","","","","","","","","","","","","","0","0","0","0","0","0","0","0","0","0","0","0","27000","60000","159000","245000","375000","510000","623000","748000","118000","149000","0","0","0","0","1000","0","",
"Trinidad and Tobago","TTO","Interest arrears, official creditors (current US$)","DT.IXA.OFFT.CD","","","","","","","","","","","","","","","","","","","","","","","","","","","","","","","","","","","","","","","","","","","","","","","","","","","","","","",
"Tunisia","TUN","Interest arrears, official creditors (current US$)","DT.IXA.OFFT.CD","","","","","","","","","","","0","0","0","12000","0","0","0","28000","110000","11000","23000","0","0","0","48000","665000","251000","0","0","0","32000","9369000","2254000","0","312000","10000","0","0","0","0","0","0","0","0","0","0","0","0","0","0","0","0","0","",
"Turkey","TUR","Interest arrears, official creditors (current US$)","DT.IXA.OFFT.CD","","","","","","","","","","","0","0","0","0","0","0","0","0","0","28381000","11459000","7437000","6822000","6259000","5642000","0","0","0","0","0","0","0","0","0","0","0","0","0","0","0","0","0","0","0","0","0","0","0","0","0","0","0","0","",
"Tuvalu","TUV","Interest arrears, official creditors (current US$)","DT.IXA.OFFT.CD","","","","","","","","","","","","","","","","","","","","","","","","","","","","","","","","","","","","","","","","","","","","","","","","","","","","","","",
"Tanzania","TZA","Interest arrears, official creditors (current US$)","DT.IXA.OFFT.CD","","","","","","","","","","","0","0","68550000","144561000","209067000","289563000","402084000","634980000","992812000","1007859000","1464249000","1649166000","1867573000","2268038000","2513525000","3735894000","82043000","174502000","170777000","233497000","279917000","391166000","423294000","547785000","645301000","734325000","721344000","538593000","584661000","669644000","471607000","455853000","505302000","610247000","735362000","545427000","510936000","525309000","646853000","698214000","764127000","827068000","866189000","",
"Uganda","UGA","Interest arrears, official creditors (current US$)","DT.IXA.OFFT.CD","","","","","","","","","","","0","0","178000","204000","335000","1218000","2206000","3158000","5486000","8017000","10238000","3127000","2958000","4351000","6892000","9956000","14049000","16291000","18651000","26263000","38180000","60320000","51167000","58875000","78326000","57005000","50747000","46887000","62452000","52254000","55654000","76592000","72960000","73394000","75719000","29408000","27095000","26457000","26233000","26222000","26222000","26222000","26222000","",
"Ukraine","UKR","Interest arrears, official creditors (current US$)","DT.IXA.OFFT.CD","","","","","","","","","","","","","","","","","","","","","","","","","","","","","","","","","0","29404000","190815000","4925000","630000","10455000","86000","117000","24603000","16809000","0","0","0","0","0","0","0","0","0","0","0","",
"Upper middle income","UMC","Interest arrears, official creditors (current US$)","DT.IXA.OFFT.CD","","","","","","","","","","","0","0","2878000","995000","1710000","2392000","4019000","5324000","6007000","35801000","21495000","36993000","59566000","139337000","345662000","322140000","718703000","1106357000","1610716000","2158170000","2855437000","2550486000","2261205000","3684088000","3091274000","2919763000","2189548000","1903495000","2227280000","2744953000","3251661000","3613044000","904451000","1360295000","1553124000","1589828000","1500697000","1158218000","1175364000","1176172000","1107068000","1110780000","1101699000","",
"Uruguay","URY","Interest arrears, official creditors (current US$)","DT.IXA.OFFT.CD","","","","","","","","","","","","","","","","","","","","","","","","","","","","","","","","","","","","","","","","","","","","","","","","","","","","","","",
"United States","USA","Interest arrears, official creditors (current US$)","DT.IXA.OFFT.CD","","","","","","","","","","","","","","","","","","","","","","","","","","","","","","","","","","","","","","","","","","","","","","","","","","","","","","",
"Uzbekistan","UZB","Interest arrears, official creditors (current US$)","DT.IXA.OFFT.CD","","","","","","","","","","","","","","","","","","","","","","","","","","","","","","","","","0","0","0","0","0","0","0","0","0","0","0","0","0","0","0","0","0","0","0","0","0","",
"St. Vincent and the Grenadines","VCT","Interest arrears, official creditors (current US$)","DT.IXA.OFFT.CD","","","","","","","","","","","0","0","0","0","0","0","0","0","0","0","0","0","0","415000","170000","61000","4000","46000","75000","89000","84000","138000","40000","25000","26000","66000","42000","97000","36000","107000","421000","349000","346000","367000","397000","409000","492000","1556000","74000","130000","9000","23000","23000","",
"Venezuela, RB","VEN","Interest arrears, official creditors (current US$)","DT.IXA.OFFT.CD","","","","","","","","","","","0","0","0","0","0","0","0","0","0","430000","0","0","0","0","0","840000","1600000","1600000","0","0","0","0","8468000","1908000","12393000","12248000","11252000","10003000","9817000","7916000","7041000","2526000","1141000","1475000","536000","846000","258000","15000","31000","33000","63000","101000","475000","",
"Virgin Islands (U.S.)","VIR","Interest arrears, official creditors (current US$)","DT.IXA.OFFT.CD","","","","","","","","","","","","","","","","","","","","","","","","","","","","","","","","","","","","","","","","","","","","","","","","","","","","","","",
"Vietnam","VNM","Interest arrears, official creditors (current US$)","DT.IXA.OFFT.CD","","","","","","","","","","","","","","","","","","","","","","0","0","0","0","0","0","46000","4502000","525262000","859421000","1089829000","1408143000","1372053000","1715572000","1999376000","2238069000","1390748000","1542780000","1686499000","75823000","76826000","76419000","79859000","51414000","71939000","0","0","704000","0","431000","0","0","",
"Vanuatu","VUT","Interest arrears, official creditors (current US$)","DT.IXA.OFFT.CD","","","","","","","","","","","","","","","","","","","","","","0","0","0","0","0","0","0","0","0","0","0","0","0","0","0","0","0","0","0","0","0","0","0","110000","210000","107000","119000","113000","0","0","0","0","",
"West Bank and Gaza","PSE","Interest arrears, official creditors (current US$)","DT.IXA.OFFT.CD","","","","","","","","","","","","","","","","","","","","","","","","","","","","","","","","","","","","","","","","","","","","","","","","","","","","","","",
"World","WLD","Interest arrears, official creditors (current US$)","DT.IXA.OFFT.CD","","","","","","","","","","","","","","","","","","","","","","","","","","","","","","","","","","","","","","","","","","","","","","","","","","","","","","",
"Samoa","WSM","Interest arrears, official creditors (current US$)","DT.IXA.OFFT.CD","","","","","","","","","","","0","0","0","0","0","0","0","0","0","0","0","418000","985000","1109000","739000","440000","0","0","9000","58000","0","7000","0","58000","0","0","3000","17000","0","0","0","4000","9000","0","0","0","0","0","0","9000","0","0","0","",
"Yemen, Rep.","YEM","Interest arrears, official creditors (current US$)","DT.IXA.OFFT.CD","","","","","","","","","","","","0","0","0","0","10000","39000","64000","165000","138000","397000","1584000","2425000","5416000","11179000","19197000","29683000","43269000","52923000","80560000","130699000","156133000","218232000","263733000","290913000","316046000","321756000","50070000","24700000","24838000","24958000","21590000","22019000","75330000","107241000","94190000","99560000","107434000","112497000","117200000","124194000","131284000","139768000","",
"South Africa","ZAF","Interest arrears, official creditors (current US$)","DT.IXA.OFFT.CD","","","","","","","","","","","","","","","","","","","","","","","","","","","","","","","","","","","0","0","0","0","0","0","0","0","0","0","50000","71000","0","0","0","0","0","0","0","",
"Congo, Dem. Rep.","COD","Interest arrears, official creditors (current US$)","DT.IXA.OFFT.CD","","","","","","","","","","","0","0","0","86000","0","4499000","7756000","26891000","43290000","61759000","24350000","50352000","138724000","22250000","26090000","25319000","25783000","33960000","236499000","48785000","166257000","585175000","1053939000","1503279000","2112942000","2611135000","2674777000","2619749000","2890139000","2833447000","2863040000","2996803000","287306000","298811000","307247000","296544000","310887000","369348000","390440000","412317000","223877000","73015000","70588000","",
"Zambia","ZMB","Interest arrears, official creditors (current US$)","DT.IXA.OFFT.CD","","","","","","","","","","","0","0","0","0","0","64000","48000","587000","371000","480000","3214000","9912000","25183000","64538000","35413000","103738000","86085000","265313000","424962000","647873000","670470000","535884000","540066000","502987000","441519000","145394000","117894000","110945000","118429000","26293000","23387000","0","3862000","4317000","0","0","20797000","23529000","26341000","29019000","32258000","32778000","36493000","",
"Zimbabwe","ZWE","Interest arrears, official creditors (current US$)","DT.IXA.OFFT.CD","","","","","","","","","","","0","0","5048000","0","0","0","0","0","0","0","0","0","0","0","0","0","0","838000","574000","1034000","0","0","15000","245000","165000","638000","112000","293000","520000","645000","40338000","117716000","223198000","333720000","407493000","458450000","526740000","617260000","706842000","782624000","851226000","961160000","1053580000","",
